datetime,water_level_m,storage_m3,rainfall_mm_h
2026-09-08T20:00:17+09:00,0.46,70,0.34
2026-09-08T20:10:37+09:00,0.46,70,0.34
2026-09-08T20:20:57+09:00,0.46,70,0.71
2026-09-08T20:28:06+09:00,0.46,70,0.82
2026-09-08T20:32:07+09:00,0.46,70,0.95
2026-09-08T20:40:47+09:00,0.46,70,1.40
2026-09-08T20:44:06+09:00,0.46,74,1.58
2026-09-08T20:52:33+09:00,0.46,70,2.08
2026-09-08T20:56:16+09:00,0.52,79,2.57
2026-09-08T21:08:33+09:00,0.84,127,3.00
2026-09-08T21:11:33+09:00,1.21,184,3.06
2026-09-08T21:14:36+09:00,1.64,250,3.20
2026-09-08T21:17:36+09:00,2.31,351,3.40
2026-09-08T21:20:38+09:00,3.26,497,3.36
2026-09-08T21:23:39+09:00,4.38,668,3.33
2026-09-08T21:26:41+09:00,5.42,826,3.42
2026-09-08T21:27:41+09:00,5.77,884,3.51
2026-09-08T21:15:55+09:00,1.87,285,3.32
2026-09-08T21:18:57+09:00,2.68,409,3.38
2026-09-08T21:21:58+09:00,3.75,571,3.31
2026-09-08T21:25:00+09:00,4.84,739,3.34
2026-09-08T21:28:01+09:00,5.91,901,3.58
2026-09-08T21:31:03+09:00,7.50,1143,3.73
2026-09-08T21:34:04+09:00,9.26,1412,3.79
2026-09-08T21:37:06+09:00,11.04,1684,3.77
2026-09-08T21:40:29+09:00,12.86,1961,3.66
2026-09-08T21:43:29+09:00,14.48,2208,3.61
2026-09-08T21:46:32+09:00,16.12,2458,3.47
2026-09-08T21:49:32+09:00,17.71,2700,3.23
2026-09-08T21:52:35+09:00,19.09,2912,3.03
2026-09-08T21:55:35+09:00,19.78,3017,2.89
2026-09-08T21:58:37+09:00,20.13,3070,2.85
2026-09-08T22:01:38+09:00,20.30,3096,2.85
2026-09-08T22:04:40+09:00,20.47,3123,2.88
2026-09-08T22:07:41+09:00,20.70,3158,2.86
2026-09-08T22:10:43+09:00,20.96,3197,3.04
2026-09-08T22:13:44+09:00,21.43,3268,3.27
2026-09-08T22:16:46+09:00,22.18,3382,3.22
2026-09-08T22:19:47+09:00,22.93,3497,3.24
2026-09-08T22:22:49+09:00,23.67,3611,3.18
2026-09-08T22:25:50+09:00,24.37,3717,2.97
2026-09-08T22:28:52+09:00,24.80,3782,2.79
2026-09-08T22:31:53+09:00,24.91,3800,2.65
2026-09-08T22:34:55+09:00,24.94,3804,2.53
2026-09-08T22:37:56+09:00,24.97,3809,2.29
2026-09-08T22:40:58+09:00,24.97,3809,2.09
2026-09-08T22:43:59+09:00,24.97,3809,1.86
2026-09-08T22:45:40+09:00,24.97,3809,1.76
2026-09-08T21:28:52+09:00,6.26,954,3.71
2026-09-08T21:31:53+09:00,7.96,1214,3.73
2026-09-08T21:34:55+09:00,9.75,1486,3.75
2026-09-08T21:37:56+09:00,11.48,1750,3.75
2026-09-08T21:40:58+09:00,13.12,2001,3.62
2026-09-08T21:43:59+09:00,14.76,2247,3.62
2026-09-08T21:47:01+09:00,16.38,2498,3.43
2026-09-08T21:50:02+09:00,17.97,2740,3.20
2026-09-08T21:53:04+09:00,19.21,2934,3.00
2026-09-08T21:56:05+09:00,19.87,3030,2.86
2026-09-08T21:59:07+09:00,20.16,3074,2.84
2026-09-08T22:02:30+09:00,20.36,3105,2.85
2026-09-08T22:05:30+09:00,20.53,3136,2.87
2026-09-08T22:08:33+09:00,20.76,3167,2.88
2026-09-08T22:11:33+09:00,21.08,3215,3.07
2026-09-08T22:14:36+09:00,21.63,3299,3.30
2026-09-08T22:17:36+09:00,22.38,3413,3.19
2026-09-08T22:20:38+09:00,23.13,3527,3.27
2026-09-08T22:23:39+09:00,23.91,3646,3.13
2026-09-08T22:26:41+09:00,24.51,3739,2.91
2026-09-08T22:29:42+09:00,24.86,3791,2.76
2026-09-08T22:32:44+09:00,24.91,3800,2.63
2026-09-08T22:35:45+09:00,24.94,3804,2.48
2026-09-08T22:38:47+09:00,24.97,3809,2.22
2026-09-08T22:41:48+09:00,24.97,3809,2.02
2026-09-08T22:44:50+09:00,24.97,3809,1.82
2026-09-08T22:47:51+09:00,24.97,3809,1.56
2026-09-08T22:52:36+09:00,24.97,3809,1.15
2026-09-08T22:55:36+09:00,24.97,3809,0.90
2026-09-08T22:58:38+09:00,24.97,3809,0.65
2026-09-08T21:50:53+09:00,18.4,2806,3.13
2026-09-08T21:53:54+09:00,19.44,2964,2.97
2026-09-08T21:56:56+09:00,19.98,3048,2.83
2026-09-08T21:59:57+09:00,20.21,3083,2.83
2026-09-08T22:02:59+09:00,20.39,3109,2.84
2026-09-08T22:06:00+09:00,20.59,3140,2.86
2026-09-08T22:09:02+09:00,20.79,3171,2.91
2026-09-08T22:12:03+09:00,21.14,3228,3.13
2026-09-08T22:15:05+09:00,21.74,3312,3.3
2026-09-08T22:18:28+09:00,22.61,3448,3.19
2026-09-08T22:21:28+09:00,23.33,3558,3.23
2026-09-08T22:24:31+09:00,24.11,3677,3.05
2026-09-08T22:27:31+09:00,24.66,3760,2.85
2026-09-08T22:30:34+09:00,24.89,3796,2.72
2026-09-08T22:33:34+09:00,24.94,3804,2.59
2026-09-08T22:36:37+09:00,24.97,3809,2.39
2026-09-08T22:39:37+09:00,24.97,3809,2.19
2026-09-08T22:42:39+09:00,24.97,3809,1.94
2026-09-08T22:48:42+09:00,24.97,3809,1.48
2026-09-08T23:01:39+09:00,24.97,3809,0.46
2026-09-08T23:04:41+09:00,24.97,3809,0.35
2026-09-08T23:07:42+09:00,24.97,3809,0.3
2026-09-08T23:10:44+09:00,24.97,3809,0.28
2026-09-08T23:13:45+09:00,24.97,3809,0.26
2026-09-08T23:16:47+09:00,24.97,3809,0.25
2026-09-08T23:19:48+09:00,24.97,3809,0.24
2026-09-08T23:20:30+09:00,24.97,3809,0.24
2026-09-08T22:11:53+09:00,21.11,3224,3.11
2026-09-08T22:14:55+09:00,21.69,3307,3.28
2026-09-08T22:17:56+09:00,22.46,3426,3.2
2026-09-08T22:20:58+09:00,23.21,3541,3.25
2026-09-08T22:23:59+09:00,23.99,3659,3.11
2026-09-08T22:27:01+09:00,24.57,3747,2.89
2026-09-08T22:30:02+09:00,24.86,3791,2.74
2026-09-08T22:33:04+09:00,24.91,3800,2.61
2026-09-08T22:36:05+09:00,24.94,3809,2.44
2026-09-08T22:39:07+09:00,24.97,3809,2.2
2026-09-08T22:42:30+09:00,24.97,3809,1.96
2026-09-08T22:45:30+09:00,24.97,3809,1.77
2026-09-08T22:48:33+09:00,24.97,3809,1.5
2026-09-08T23:26:08+09:00,24.97,3809,0.21
2026-09-08T23:30:08+09:00,24.94,3804,0.22
2026-09-08T23:34:08+09:00,24.86,3791,0.22
2026-09-08T23:38:08+09:00,24.8,3782,0.21
2026-09-08T22:29:02+09:00,24.8,3782,2.77
2026-09-08T22:32:03+09:00,24.91,3800,2.66
2026-09-08T22:35:05+09:00,24.94,3804,2.53
2026-09-08T22:38:28+09:00,24.97,3809,2.25
2026-09-08T22:41:28+09:00,24.97,3809,2.03
2026-09-08T22:44:31+09:00,24.97,3809,1.83
2026-09-08T22:47:31+09:00,24.97,3809,1.58
2026-09-08T23:42:07+09:00,24.74,3774,0.21
2026-09-08T23:46:08+09:00,24.66,3760,0.21
2026-09-08T23:52:08+09:00,24.57,3747,0.21
2026-09-08T23:56:08+09:00,24.51,3739,0.22
2026-09-08T22:49:52+09:00,24.97,3809,1.39
2026-09-08T22:52:55+09:00,24.97,3809,1.11
2026-09-08T22:55:56+09:00,24.97,3809,0.86
2026-09-08T22:58:58+09:00,24.97,3809,0.62
2026-09-08T23:01:59+09:00,24.97,3809,0.44
2026-09-08T23:05:01+09:00,24.97,3809,0.35
2026-09-08T23:08:02+09:00,24.97,3809,0.29
2026-09-08T23:11:04+09:00,24.97,3813,0.28
2026-09-08T23:14:05+09:00,24.97,3809,0.27
2026-09-08T23:17:07+09:00,24.97,3809,0.24
2026-09-09T00:00:02+09:00,24.45,3730,0.24
2026-09-09T00:10:21+09:00,24.28,3703,0.22
2026-09-08T23:11:54+09:00,24.97,3809,0.28
2026-09-08T23:14:56+09:00,24.97,3809,0.26
2026-09-08T23:17:57+09:00,24.97,3809,0.25
2026-09-08T23:22:08+09:00,24.97,3809,0.22
2026-09-09T00:20:41+09:00,24.11,3677,0.19
2026-09-09T00:31:04+09:00,23.93,3655,0.17
2026-09-09T00:41:26+09:00,23.79,3629,0.17
2026-09-09T00:51:46+09:00,23.62,3602,0.16
2026-09-09T01:02:08+09:00,23.44,3576,0.16
2026-09-09T01:12:28+09:00,23.27,3549,0.14
2026-09-09T01:22:48+09:00,23.1,3523,0.14
2026-09-09T01:33:10+09:00,22.95,3501,0.14
2026-09-09T01:43:30+09:00,22.78,3475,0.14
2026-09-09T01:53:50+09:00,22.61,3448,0.13
2026-09-09T02:04:12+09:00,22.46,3426,0.12
2026-09-09T02:14:32+09:00,22.29,3400,0.11
2026-09-09T02:24:52+09:00,22.15,3378,0.11
2026-09-09T02:35:14+09:00,21.97,3351,0.1
2026-09-09T02:45:34+09:00,21.83,3329,0.1
2026-09-09T02:55:54+09:00,21.66,3303,0.1
2026-09-09T03:06:16+09:00,21.51,3281,0.09
2026-09-09T03:16:36+09:00,21.34,3255,0.11
2026-09-09T03:26:56+09:00,21.17,3228,0.1
2026-09-09T03:37:18+09:00,21.02,3206,0.1
2026-09-09T03:47:38+09:00,20.88,3184,0.1
2026-09-09T03:57:58+09:00,20.7,3158,0.1
2026-09-09T04:08:20+09:00,20.56,3136,0.1
2026-09-09T04:18:40+09:00,20.42,3114,0.1
2026-09-09T04:29:00+09:00,20.24,3087,0.09
2026-09-09T04:39:22+09:00,20.1,3065,0.1
2026-09-09T04:49:42+09:00,19.96,3043,0.09
2026-09-09T05:00:02+09:00,19.81,3021,0.1
2026-09-09T05:10:24+09:00,19.67,2999,0.13
2026-09-09T05:20:44+09:00,19.49,2973,0.13
2026-09-09T05:31:04+09:00,19.35,2951,0.11
2026-09-09T05:41:26+09:00,19.18,2929,0.14
2026-09-09T05:51:46+09:00,19.03,2903,0.13
2026-09-09T06:02:08+09:00,18.89,2881,0.09
2026-09-09T06:12:28+09:00,18.74,2859,0.13
2026-09-09T06:22:48+09:00,18.6,2837,0.12
2026-09-09T06:33:10+09:00,18.46,2815,0.13
2026-09-09T06:43:30+09:00,18.31,2793,0.14
2026-09-09T06:53:50+09:00,18.17,2771,0.11
2026-09-09T07:04:12+09:00,18.02,2749,0.1
2026-09-09T07:14:32+09:00,17.88,2727,0.11
2026-09-09T07:24:52+09:00,17.73,2705,0.11
2026-09-09T07:35:14+09:00,17.59,2683,0.11
2026-09-09T07:45:34+09:00,17.45,2665,0.12
2026-09-09T07:55:54+09:00,17.33,2643,0.11
2026-09-09T08:06:16+09:00,17.19,2621,0.11
2026-09-09T08:16:36+09:00,17.04,2599,0.13
2026-09-09T08:26:56+09:00,16.9,2577,0.12
2026-09-09T08:37:18+09:00,16.75,2555,0.13
2026-09-09T08:47:38+09:00,16.61,2533,0.12
2026-09-09T08:57:58+09:00,16.55,2524,0.08
2026-09-09T09:08:20+09:00,16.55,2524,0.07
2026-09-09T09:18:40+09:00,16.55,2524,0.07
2026-09-09T09:29:00+09:00,16.55,2524,0.07
2026-09-09T09:39:22+09:00,16.55,2524,0.08
2026-09-09T09:49:42+09:00,16.18,2467,0.16
2026-09-09T10:00:02+09:00,15.77,2406,0.15
2026-09-09T10:10:24+09:00,15.4,2348,0.17
2026-09-09T10:20:44+09:00,15.02,2291,0.15
2026-09-09T10:31:04+09:00,14.65,2234,0.15
2026-09-09T10:41:26+09:00,14.27,2177,0.14
2026-09-09T10:51:46+09:00,13.9,2120,0.14
2026-09-09T11:02:08+09:00,13.55,2067,0.14
2026-09-09T11:12:28+09:00,13.18,2010,0.14
2026-09-09T11:22:48+09:00,12.83,1957,0.13
2026-09-09T11:33:10+09:00,12.49,1900,0.14
2026-09-09T11:43:30+09:00,12.11,1851,0.14
2026-09-09T11:53:50+09:00,11.79,1799,0.14
2026-09-09T12:04:12+09:00,11.45,1746,0.14
2026-09-09T12:14:32+09:00,11.13,1697,0.14
2026-09-09T12:24:52+09:00,10.81,1649,0.14
2026-09-09T12:35:14+09:00,10.44,1592,0.14
2026-09-09T12:45:34+09:00,10.09,1539,0.14
2026-09-09T12:55:54+09:00,9.78,1486,0.14
2026-09-09T13:06:16+09:00,9.43,1438,0.14
2026-09-09T13:16:36+09:00,9.11,1390,0.15
2026-09-09T13:26:56+09:00,8.77,1341,0.15
2026-09-09T13:37:18+09:00,8.45,1288,0.14
2026-09-09T13:47:38+09:00,8.13,1240,0.13
2026-09-09T13:57:58+09:00,7.84,1196,0.14
2026-09-09T14:08:20+09:00,7.53,1148,0.13
2026-09-09T14:18:40+09:00,7.24,1104,0.13
2026-09-09T14:29:00+09:00,6.95,1060,0.14
2026-09-09T14:39:22+09:00,6.78,1033,0.06
2026-09-09T14:49:42+09:00,6.78,1033,0
2026-09-09T15:00:02+09:00,6.78,1033,0
2026-09-09T15:10:24+09:00,6.78,1033,0.06
2026-09-09T15:20:44+09:00,6.78,1033,0
2026-09-09T15:31:04+09:00,6.78,1033,0.06
2026-09-09T15:41:26+09:00,6.78,1033,0.06
2026-09-09T15:51:46+09:00,6.78,1033,0.06
2026-09-09T16:02:08+09:00,6.78,1033,0
2026-09-09T16:12:28+09:00,6.78,1033,0.06
2026-09-09T16:22:48+09:00,6.75,1033,0.06
2026-09-09T16:33:10+09:00,6.78,1033,0.07
2026-09-09T16:43:30+09:00,6.75,1033,0.06
2026-09-09T16:53:50+09:00,6.78,1033,0.06
2026-09-09T17:04:12+09:00,6.78,1033,0.06
2026-09-09T17:14:32+09:00,6.78,1033,0.06
2026-09-09T17:24:52+09:00,6.78,1033,0.06
2026-09-09T17:35:14+09:00,6.78,1033,0.06
2026-09-09T17:45:34+09:00,6.78,1033,0.06
2026-09-09T17:55:55+09:00,6.75,1029,0.06
2026-09-09T18:06:16+09:00,6.78,1029,0.06
2026-09-09T18:16:36+09:00,6.78,1029,0.06
2026-09-09T18:26:56+09:00,6.75,1029,0.07
2026-09-09T18:37:19+09:00,6.78,1029,0.07
2026-09-09T18:47:38+09:00,6.75,1029,0.07
2026-09-09T18:57:59+09:00,6.75,1029,0.07
2026-09-09T19:08:21+09:00,6.78,1029,0.08
2026-09-09T19:18:41+09:00,6.75,1033,0.1
2026-09-09T19:29:01+09:00,6.75,1029,0.12
2026-09-09T19:39:23+09:00,6.75,1029,0.16
2026-09-09T19:49:43+09:00,6.78,1029,0.14
2026-09-09T20:00:03+09:00,6.75,1029,0.14
2026-09-09T20:10:25+09:00,6.75,1029,0.2
2026-09-09T20:20:45+09:00,6.75,1029,0.26
2026-09-09T20:31:05+09:00,6.75,1029,0.53
2026-09-09T20:39:08+09:00,6.75,1029,0.37
2026-09-09T20:42:15+09:00,6.75,1033,0.31
2026-09-09T20:45:30+09:00,6.75,1029,0.26
2026-09-09T20:47:41+09:00,6.75,1029,0.23
2026-09-09T20:48:31+09:00,6.75,1029,0.22
2026-09-09T20:51:36+09:00,6.75,1029,0.19
2026-09-09T20:54:37+09:00,6.75,1029,0.17
2026-09-09T20:57:41+09:00,6.75,1029,0.15
2026-09-09T21:00:43+09:00,6.75,1029,0.14
2026-09-09T21:03:47+09:00,6.78,1029,0.15
2026-09-09T21:09:08+09:00,6.75,1029,0.24
2026-09-09T21:13:08+09:00,6.78,1029,0.38
2026-09-09T21:17:08+09:00,6.75,1033,0.4
2026-09-09T21:21:08+09:00,6.75,1029,0.35
2026-09-09T21:25:08+09:00,6.75,1029,0.29
2026-09-09T21:29:08+09:00,6.75,1029,0.24
2026-09-09T21:33:08+09:00,6.75,1029,0.23
2026-09-09T21:37:08+09:00,6.75,1029,0.24
2026-09-09T21:41:08+09:00,6.75,1029,0.28
2026-09-09T21:45:08+09:00,6.75,1029,0.3
2026-09-09T21:49:08+09:00,6.75,1029,0.3
2026-09-09T21:53:08+09:00,6.75,1029,0.3
2026-09-09T21:57:08+09:00,6.75,1029,0.32
2026-09-09T20:49:53+09:00,6.75,1029,0.2
2026-09-09T20:52:55+09:00,6.75,1029,0.18
2026-09-09T20:55:59+09:00,6.75,1029,0.16
2026-09-09T20:59:01+09:00,6.75,1029,0.14
2026-09-09T21:02:05+09:00,6.75,1029,0.14
2026-09-09T21:05:08+09:00,6.75,1029,0.17
2026-09-09T22:01:08+09:00,6.75,1033,0.35
2026-09-09T22:05:00+09:00,6.75,1029,0.41
2026-09-09T22:08:04+09:00,6.75,1029,0.43
2026-09-09T22:11:29+09:00,6.75,1029,0.45
2026-09-09T22:14:30+09:00,6.75,1029,0.42
2026-09-09T22:17:35+09:00,6.75,1029,0.39
2026-09-09T22:19:46+09:00,6.75,1029,0.37
2026-09-09T22:20:36+09:00,6.75,1029,0.35
2026-09-09T22:23:40+09:00,6.75,1033,0.32
2026-09-09T22:26:42+09:00,6.75,1029,0.31
2026-09-09T22:29:46+09:00,6.75,1033,0.3
2026-09-09T22:32:48+09:00,6.75,1029,0.3
2026-09-09T22:35:52+09:00,6.75,1029,0.3
2026-09-09T22:38:54+09:00,6.75,1029,0.29
2026-09-09T22:41:58+09:00,6.75,1029,0.28
2026-09-09T22:42:48+09:00,6.75,1029,0.27
2026-09-09T22:45:00+09:00,6.75,1029,0.25
2026-09-09T22:48:04+09:00,6.75,1029,0.24
2026-09-09T22:51:29+09:00,6.75,1029,0.24
2026-09-09T22:54:30+09:00,6.75,1033,0.26
2026-09-09T22:56:52+09:00,6.75,1029,0.28
2026-09-09T22:57:35+09:00,6.75,1029,0.3
2026-09-09T23:00:36+09:00,6.75,1029,0.33
2026-09-09T23:03:40+09:00,6.75,1029,0.33
2026-09-09T23:06:42+09:00,6.75,1029,0.35
2026-09-09T23:09:46+09:00,6.75,1033,0.36
2026-09-09T23:12:48+09:00,6.75,1029,0.36
2026-09-09T23:14:40+09:00,6.75,1029,0.34
2026-09-09T22:03:44+09:00,6.75,1033,0.38
2026-09-09T22:06:52+09:00,6.75,1033,0.4
2026-09-09T22:09:56+09:00,6.75,1029,0.45
2026-09-09T22:12:58+09:00,6.75,1029,0.44
2026-09-09T22:16:02+09:00,6.75,1029,0.41
2026-09-09T22:19:04+09:00,6.75,1029,0.37
2026-09-09T22:22:08+09:00,6.75,1029,0.33
2026-09-09T22:25:33+09:00,6.75,1029,0.32
2026-09-09T22:28:34+09:00,6.75,1029,0.3
2026-09-09T22:31:38+09:00,6.75,1029,0.3
2026-09-09T22:34:40+09:00,6.75,1029,0.29
2026-09-09T22:37:44+09:00,6.75,1029,0.3
2026-09-09T22:40:46+09:00,6.75,1029,0.28
2026-09-09T22:43:50+09:00,6.75,1029,0.26
2026-09-09T22:46:52+09:00,6.75,1029,0.25
2026-09-09T22:49:56+09:00,6.75,1029,0.24
2026-09-09T22:52:58+09:00,6.75,1029,0.25
2026-09-09T22:56:02+09:00,6.75,1033,0.28
2026-09-09T22:59:04+09:00,6.75,1029,0.3
2026-09-09T23:02:08+09:00,6.75,1029,0.32
2026-09-09T23:05:33+09:00,6.75,1033,0.35
2026-09-09T23:08:34+09:00,6.75,1029,0.36
2026-09-09T23:11:38+09:00,6.75,1033,0.36
2026-09-09T23:17:44+09:00,6.75,1029,0.31
2026-09-09T23:20:46+09:00,6.75,1029,0.28
2026-09-09T23:23:50+09:00,6.75,1033,0.26
2026-09-09T23:26:52+09:00,6.75,1029,0.22
2026-09-09T23:29:56+09:00,6.75,1029,0.21
2026-09-09T23:32:48+09:00,6.75,1029,0.19
2026-09-09T22:20:56+09:00,6.75,1029,0.35
2026-09-09T22:24:00+09:00,6.75,1029,0.32
2026-09-09T22:27:02+09:00,6.75,1029,0.29
2026-09-09T22:30:06+09:00,6.75,1029,0.3
2026-09-09T22:33:31+09:00,6.75,1029,0.3
2026-09-09T22:36:32+09:00,6.75,1029,0.3
2026-09-09T22:39:37+09:00,6.75,1029,0.29
2026-09-09T22:42:38+09:00,6.75,1033,0.27
2026-09-09T22:45:42+09:00,6.75,1029,0.25
2026-09-09T22:48:44+09:00,6.75,1029,0.24
2026-09-09T22:51:48+09:00,6.75,1029,0.24
2026-09-09T22:54:50+09:00,6.75,1029,0.26
2026-09-09T22:57:54+09:00,6.75,1029,0.29
2026-09-09T23:00:56+09:00,6.75,1029,0.32
2026-09-09T23:04:00+09:00,6.75,1029,0.33
2026-09-09T23:07:02+09:00,6.75,1029,0.35
2026-09-09T23:10:06+09:00,6.75,1029,0.36
2026-09-09T23:13:31+09:00,6.75,1029,0.35
2026-09-09T23:16:32+09:00,6.75,1029,0.32
2026-09-09T23:19:37+09:00,6.75,1033,0.29
2026-09-09T23:22:38+09:00,6.75,1029,0.28
2026-09-09T23:25:42+09:00,6.75,1029,0.24
2026-09-09T23:28:44+09:00,6.75,1029,0.21
2026-09-09T23:31:48+09:00,6.75,1029,0.19
2026-09-09T23:34:50+09:00,6.75,1029,0.18
2026-09-09T23:39:08+09:00,6.75,1029,0.16
2026-09-09T23:43:08+09:00,6.75,1029,0.14
2026-09-09T23:47:08+09:00,6.75,1029,0.14
2026-09-09T23:47:46+09:00,6.75,1029,0.14
2026-09-09T22:40:56+09:00,6.75,1029,0.28
2026-09-09T22:44:00+09:00,6.75,1029,0.26
2026-09-09T22:47:02+09:00,6.75,1029,0.24
2026-09-09T22:50:06+09:00,6.75,1029,0.23
2026-09-09T22:53:31+09:00,6.75,1029,0.25
2026-09-09T22:56:32+09:00,6.75,1029,0.28
2026-09-09T22:59:37+09:00,6.75,1029,0.32
2026-09-09T23:02:38+09:00,6.75,1029,0.33
2026-09-09T23:05:42+09:00,6.75,1029,0.33
2026-09-09T23:08:44+09:00,6.75,1029,0.35
2026-09-09T23:11:48+09:00,6.75,1029,0.35
2026-09-09T23:14:50+09:00,6.75,1029,0.33
2026-09-09T23:17:54+09:00,6.75,1029,0.3
2026-09-09T23:20:56+09:00,6.75,1029,0.29
2026-09-09T23:24:00+09:00,6.75,1029,0.25
2026-09-09T23:27:02+09:00,6.75,1033,0.24
2026-09-09T23:30:06+09:00,6.75,1029,0.2
2026-09-09T23:33:31+09:00,6.75,1029,0.19
2026-09-09T23:36:32+09:00,6.75,1029,0.17
2026-09-09T23:51:08+09:00,6.75,1029,0.13
2026-09-09T23:55:07+09:00,6.75,1029,0.12
2026-09-10T00:00:02+09:00,6.75,1029,0.11
2026-09-10T00:10:21+09:00,6.75,1029,0.1
2026-09-09T23:02:58+09:00,6.75,1029,0.33
2026-09-09T23:06:02+09:00,6.75,1029,0.34
2026-09-09T23:09:04+09:00,6.75,1029,0.35
2026-09-09T23:12:08+09:00,6.75,1029,0.35
2026-09-09T23:15:33+09:00,6.75,1029,0.33
2026-09-09T23:18:34+09:00,6.75,1029,0.3
2026-09-09T23:21:38+09:00,6.75,1029,0.28
2026-09-09T23:24:40+09:00,6.75,1029,0.25
2026-09-09T23:27:44+09:00,6.75,1029,0.22
2026-09-09T23:30:46+09:00,6.75,1029,0.2
2026-09-09T23:33:50+09:00,6.75,1029,0.19
2026-09-09T23:36:52+09:00,6.75,1029,0.17
2026-09-10T00:20:41+09:00,6.75,1029,0.09
2026-09-10T00:31:01+09:00,6.75,1029,0.09
2026-09-09T23:19:56+09:00,6.75,1029,0.3
2026-09-09T23:22:58+09:00,6.75,1029,0.27
2026-09-09T23:26:02+09:00,6.75,1029,0.24
2026-09-09T23:29:04+09:00,6.75,1029,0.22
2026-09-09T23:32:08+09:00,6.75,1029,0.2
2026-09-09T23:35:33+09:00,6.75,1029,0.18
2026-09-10T00:41:23+09:00,6.75,1029,0.1
2026-09-10T00:51:43+09:00,6.75,1029,0.1
2026-09-10T01:02:03+09:00,6.75,1029,0.09
2026-09-10T01:12:25+09:00,6.75,1029,0.1
2026-09-10T01:22:45+09:00,6.75,1029,0.09
2026-09-10T01:43:27+09:00,6.75,1029,0.08
2026-09-10T01:53:47+09:00,6.75,1029,0.07
2026-09-10T02:04:09+09:00,6.75,1029,0.06
2026-09-10T02:14:29+09:00,6.75,1029,0.06
2026-09-10T02:24:49+09:00,6.75,1029,0
2026-09-10T02:35:11+09:00,6.75,1029,0
2026-09-10T02:45:31+09:00,6.75,1029,0
2026-09-10T02:55:51+09:00,6.75,1029,0
2026-09-10T03:06:13+09:00,6.75,1029,0
2026-09-10T03:16:33+09:00,6.75,1029,0
2026-09-10T03:26:53+09:00,6.75,1029,0
2026-09-10T03:37:15+09:00,6.75,1029,0
2026-09-10T03:47:35+09:00,6.75,1029,0
2026-09-10T03:57:55+09:00,6.75,1029,0
2026-09-10T04:08:17+09:00,6.75,1029,0
2026-09-10T04:18:37+09:00,6.75,1029,0
2026-09-10T04:28:57+09:00,6.75,1029,0
2026-09-10T04:39:19+09:00,6.75,1029,0
2026-09-10T04:49:39+09:00,6.75,1029,0
2026-09-10T04:59:59+09:00,6.75,1029,0
2026-09-10T05:10:21+09:00,6.75,1033,0.09
2026-09-10T05:20:41+09:00,6.75,1029,0.07
2026-09-10T05:31:01+09:00,6.75,1029,0
2026-09-10T05:41:23+09:00,6.75,1029,0.1
2026-09-10T05:51:43+09:00,6.75,1029,0.07
2026-09-10T06:02:03+09:00,6.75,1029,0
2026-09-10T06:12:25+09:00,6.75,1029,0.1
2026-09-10T06:22:45+09:00,6.75,1029,0.07
2026-09-10T06:43:27+09:00,6.75,1029,0.11
2026-09-10T06:53:47+09:00,6.75,1029,0.08
2026-09-10T07:04:09+09:00,6.75,1029,0.07
2026-09-10T07:14:29+09:00,6.75,1029,0.07
2026-09-10T07:24:49+09:00,6.75,1033,0.07
2026-09-10T07:35:11+09:00,6.75,1029,0.07
2026-09-10T07:45:31+09:00,6.75,1029,0.07
2026-09-10T07:55:51+09:00,6.75,1029,0.08
2026-09-10T08:06:13+09:00,6.75,1029,0.07
2026-09-10T08:16:33+09:00,6.75,1029,0.08
2026-09-10T08:26:53+09:00,6.75,1029,0.08
2026-09-10T08:37:15+09:00,6.75,1029,0.09
2026-09-10T08:47:35+09:00,6.75,1029,0.09
2026-09-10T08:57:55+09:00,6.75,1029,0.07
2026-09-10T09:08:17+09:00,6.75,1029,0.07
2026-09-10T09:18:37+09:00,6.75,1029,0.07
2026-09-10T09:28:57+09:00,6.75,1029,0.07
2026-09-10T09:39:19+09:00,6.55,998,0.14
2026-09-10T09:49:39+09:00,6.26,954,0.14
2026-09-10T09:59:59+09:00,6,914,0.14
2026-09-10T10:10:21+09:00,5.74,875,0.14
2026-09-10T10:20:41+09:00,5.48,835,0.14
2026-09-10T10:31:01+09:00,5.22,796,0.14
2026-09-10T10:41:23+09:00,4.96,756,0.14
2026-09-10T10:51:43+09:00,4.7,717,0.13
2026-09-10T11:02:03+09:00,4.44,677,0.14
2026-09-10T11:12:25+09:00,4.21,642,0.13
2026-09-10T11:22:45+09:00,3.95,602,0.14
2026-09-10T11:43:27+09:00,3.46,527,0.13
2026-09-10T11:53:47+09:00,3.23,497,0.13
2026-09-10T12:04:09+09:00,3.03,461,0.13
2026-09-10T12:14:29+09:00,2.8,426,0.13
2026-09-10T12:24:49+09:00,2.6,391,0.12
2026-09-10T12:35:11+09:00,2.36,360,0.12
2026-09-10T12:45:31+09:00,2.16,329,0.12
2026-09-10T12:55:51+09:00,1.96,299,0.13
2026-09-10T13:06:13+09:00,1.76,268,0.13
2026-09-10T13:16:33+09:00,1.56,237,0.13
2026-09-10T13:26:53+09:00,1.36,206,0.13
2026-09-10T13:37:15+09:00,1.18,180,0.12
2026-09-10T13:47:35+09:00,0.98,149,0.12
2026-09-10T13:57:55+09:00,0.81,123,0.12
2026-09-10T14:08:17+09:00,0,4,0.09
2026-09-10T14:18:37+09:00,0.46,70,0.06
2026-09-10T14:28:57+09:00,0.46,70,0.06
2026-09-10T14:39:19+09:00,0.49,74,0.06
2026-09-10T14:49:39+09:00,0.49,74,0.06
2026-09-10T14:59:59+09:00,0.49,74,0.06
2026-09-10T15:10:21+09:00,0.49,74,0.06
2026-09-10T15:20:41+09:00,0.49,74,0.06
2026-09-10T15:31:01+09:00,0.49,74,0.06
2026-09-10T15:41:22+09:00,0.49,74,0.06
2026-09-10T15:51:42+09:00,0.49,74,0.06
2026-09-10T16:02:02+09:00,0.49,74,0.06
2026-09-10T16:12:24+09:00,0.49,74,0.07
2026-09-10T16:22:44+09:00,0.49,74,0.07
2026-09-10T16:33:04+09:00,0.49,74,0.06
2026-09-10T16:43:26+09:00,0.49,74,0.06
2026-09-10T16:53:46+09:00,0.49,74,0.06
2026-09-10T17:04:08+09:00,0.49,79,0.06
2026-09-10T17:14:28+09:00,0.49,74,0.07
2026-09-10T17:24:48+09:00,0.49,74,0.08
2026-09-10T17:35:10+09:00,0.52,74,0.1
2026-09-10T17:45:30+09:00,0.49,74,0.1
2026-09-10T17:55:50+09:00,0.49,74,0.1
2026-09-10T18:06:12+09:00,0.52,79,0.11
2026-09-10T18:16:32+09:00,0.49,79,0.13
2026-09-10T18:26:52+09:00,0.49,74,0.13
2026-09-10T18:37:14+09:00,0.49,74,0.11
2026-09-10T18:47:34+09:00,0.52,79,0.1
2026-09-10T18:57:54+09:00,0.52,79,0.09
2026-09-10T19:08:16+09:00,0.52,79,0.09
2026-09-10T19:18:36+09:00,0.52,79,0.08
2026-09-10T19:28:56+09:00,0.52,79,0.08
2026-09-10T19:39:18+09:00,0.52,79,0.09
2026-09-10T19:49:38+09:00,0.52,79,0.09
2026-09-10T19:59:58+09:00,0.52,79,0.09
2026-09-10T20:10:20+09:00,0.52,79,0.08
2026-09-10T20:20:40+09:00,0.52,79,0.08
2026-09-10T20:31:00+09:00,0.52,79,0.09
2026-09-10T20:41:22+09:00,0.52,79,0.09
2026-09-10T20:51:42+09:00,0.52,79,0.09
2026-09-10T21:02:02+09:00,0.52,79,0.09
2026-09-10T21:12:24+09:00,0.52,79,0.09
2026-09-10T21:22:44+09:00,0.52,79,0.09
2026-09-10T21:33:04+09:00,0.52,79,0.09
2026-09-10T21:43:26+09:00,0.52,79,0.09
2026-09-10T21:53:46+09:00,0.52,79,0.09
2026-09-10T22:04:08+09:00,0.52,79,0.1
2026-09-10T22:14:28+09:00,0.52,79,0.12
2026-09-10T22:24:48+09:00,0.52,79,0.14
2026-09-10T22:35:10+09:00,0.52,79,0.21
2026-09-10T22:45:30+09:00,0.52,79,0.29
2026-09-10T22:55:50+09:00,0.52,79,0.25
2026-09-10T23:06:12+09:00,0.52,79,0.17
2026-09-10T23:16:32+09:00,0.52,79,0.14
2026-09-10T23:26:52+09:00,0.52,79,0.12
2026-09-10T23:37:14+09:00,0.52,79,0.1
2026-09-10T23:47:34+09:00,0.52,79,0.1
2026-09-10T23:57:54+09:00,0.52,79,0.1
2026-09-11T00:00:02+09:00,0.52,79,0.1
2026-09-11T00:10:21+09:00,0.52,79,0.1
2026-09-11T00:20:41+09:00,0.52,79,0.09
2026-09-11T00:31:01+09:00,0.52,79,0.09
2026-09-11T00:41:23+09:00,0.52,79,0.08
2026-09-11T00:51:43+09:00,0.52,79,0.08
2026-09-11T01:02:03+09:00,0.52,79,0.07
2026-09-11T01:12:25+09:00,0.52,79,0.07
2026-09-11T01:22:45+09:00,0.52,79,0.07
2026-09-11T01:33:05+09:00,0.52,79,0.06
2026-09-11T01:43:27+09:00,0.52,79,0.06
2026-09-11T01:53:47+09:00,0.52,79,0
2026-09-11T02:04:09+09:00,0.52,79,0
2026-09-11T02:14:29+09:00,0.52,79,0
2026-09-11T02:24:49+09:00,0.52,79,0
2026-09-11T02:35:11+09:00,0.52,79,0
2026-09-11T02:45:31+09:00,0.52,79,0
2026-09-11T02:55:51+09:00,0.52,79,0
2026-09-11T03:06:13+09:00,0.52,79,0
2026-09-11T03:16:33+09:00,0.52,79,0
2026-09-11T03:26:53+09:00,0.52,79,0
2026-09-11T03:37:15+09:00,0.52,79,0
2026-09-11T03:47:35+09:00,0.52,79,0
2026-09-11T03:57:55+09:00,0.52,79,0
2026-09-11T04:08:17+09:00,0.52,79,0.06
2026-09-11T04:18:37+09:00,0.52,79,0.06
2026-09-11T04:28:57+09:00,0.52,79,0.07
2026-09-11T04:39:20+09:00,0.52,79,0.07
2026-09-11T04:49:40+09:00,0.52,79,0.08
2026-09-11T04:59:59+09:00,0.52,79,0.1
2026-09-11T05:10:21+09:00,0.52,79,0.14
2026-09-11T05:20:42+09:00,0.52,79,0.15
2026-09-11T05:31:01+09:00,0.52,79,0.16
2026-09-11T05:41:24+09:00,0.52,79,0.22
2026-09-11T05:51:44+09:00,0.52,79,0.22
2026-09-11T06:02:04+09:00,0.52,79,0.2
2026-09-11T06:12:26+09:00,0.52,79,0.2
2026-09-11T06:22:46+09:00,0.52,79,0.2
2026-09-11T06:33:08+09:00,0.52,79,0.21
2026-09-11T06:43:28+09:00,0.52,79,0.18
2026-09-11T06:53:48+09:00,0.52,79,0.14
2026-09-11T07:04:10+09:00,0.52,79,0.12
2026-09-11T07:14:30+09:00,0.52,79,0.12
2026-09-11T07:24:53+09:00,0.52,79,0.12
2026-09-11T07:35:15+09:00,0.52,79,0.12
2026-09-11T07:45:35+09:00,0.52,79,0.13
2026-09-11T07:55:55+09:00,0.52,79,0.14
2026-09-11T08:06:17+09:00,0.52,79,0.14
2026-09-11T08:16:37+09:00,0.52,79,0.14
2026-09-11T08:26:57+09:00,0.52,79,0.14
2026-09-11T08:37:19+09:00,0.52,79,0.13
2026-09-11T08:47:39+09:00,0.52,79,0.12
2026-09-11T08:57:59+09:00,0.52,79,0.11
2026-09-11T09:08:21+09:00,0.52,79,0.11
2026-09-11T09:18:41+09:00,0.52,79,0.12
2026-09-11T09:29:01+09:00,0.52,79,0.14
2026-09-11T09:39:23+09:00,0.52,79,0.14
2026-09-11T09:49:43+09:00,0.52,79,0.14
2026-09-11T10:00:03+09:00,0.52,79,0.13
2026-09-11T10:10:25+09:00,0.52,79,0.12
2026-09-11T10:20:45+09:00,0.52,79,0.11
2026-09-11T10:31:05+09:00,0.52,79,0.1
2026-09-11T10:41:27+09:00,0.52,79,0.1
2026-09-11T10:51:47+09:00,0.52,79,0.09
2026-09-11T11:02:09+09:00,0.52,79,0.08
2026-09-11T11:12:29+09:00,0.52,79,0.08
2026-09-11T11:22:49+09:00,0.52,79,0.07
2026-09-11T11:33:11+09:00,0.52,79,0.08
2026-09-11T11:43:31+09:00,0.52,79,0.07
2026-09-11T11:53:51+09:00,0.52,79,0.07
2026-09-11T12:04:13+09:00,0.52,79,0.08
2026-09-11T12:14:33+09:00,0.52,79,0.07
2026-09-11T12:24:53+09:00,0.52,79,0.07
2026-09-11T12:35:15+09:00,0.52,79,0.07
2026-09-11T12:45:35+09:00,0.52,79,0.07
2026-09-11T12:55:55+09:00,0.52,79,0.08
2026-09-11T13:06:17+09:00,0.52,79,0.08
2026-09-11T13:16:37+09:00,0.52,79,0.1
2026-09-11T13:26:57+09:00,0.52,79,0.1
2026-09-11T13:37:19+09:00,0.52,79,0.09
2026-09-11T13:47:39+09:00,0.52,79,0.09
2026-09-11T13:57:59+09:00,0.52,79,0.08
2026-09-11T14:08:21+09:00,0.52,79,0.07
2026-09-11T14:18:41+09:00,0.52,79,0.08
2026-09-11T14:29:01+09:00,0.52,79,0.08
2026-09-11T14:39:23+09:00,0.52,79,0.07
2026-09-11T14:49:43+09:00,0.52,79,0.07
2026-09-11T15:00:03+09:00,0.52,79,0.07
2026-09-11T15:10:25+09:00,0.52,79,0.07
2026-09-11T15:20:45+09:00,0.52,79,0.07
2026-09-11T15:31:05+09:00,0.52,79,0.07
2026-09-11T15:41:26+09:00,0.52,79,0.08
2026-09-11T15:51:46+09:00,0.52,79,0.08
2026-09-11T16:02:08+09:00,0.52,79,0.08
2026-09-11T16:12:28+09:00,0.52,79,0.08
2026-09-11T16:22:48+09:00,0.52,79,0.08
2026-09-11T16:33:10+09:00,0.52,79,0.08
2026-09-11T16:43:30+09:00,0.52,79,0.08
2026-09-11T16:53:50+09:00,0.52,79,0.07
2026-09-11T17:04:12+09:00,0.52,79,0.07
2026-09-11T17:14:32+09:00,0.52,79,0.07
2026-09-11T17:24:52+09:00,0.52,79,0.07
2026-09-11T17:35:14+09:00,0.52,79,0.07
2026-09-11T17:45:34+09:00,0.52,79,0.07
2026-09-11T17:55:54+09:00,0.52,79,0.07
2026-09-11T18:06:16+09:00,0.52,79,0.07
2026-09-11T18:16:36+09:00,0.52,79,0.08
2026-09-11T18:26:56+09:00,0.52,79,0.08
2026-09-11T18:37:18+09:00,0.52,79,0.09
2026-09-11T18:47:38+09:00,0.52,79,0.08
2026-09-11T18:57:58+09:00,0.52,79,0.09
2026-09-11T19:08:20+09:00,0.52,79,0.09
2026-09-11T19:18:40+09:00,0.52,79,0.09
2026-09-11T19:29:00+09:00,0.52,79,0.09
2026-09-11T19:39:22+09:00,0.52,79,0.09
2026-09-11T19:49:42+09:00,0.52,79,0.1
2026-09-11T20:00:02+09:00,0.52,79,0.1
2026-09-11T20:10:24+09:00,0.52,79,0.09
2026-09-11T20:20:44+09:00,0.52,79,0.1
2026-09-11T20:31:04+09:00,0.52,79,0.1
2026-09-11T20:41:26+09:00,0.52,79,0.1
2026-09-11T20:51:46+09:00,0.52,79,0.1
2026-09-11T21:02:08+09:00,0.52,79,0.1
2026-09-11T21:12:28+09:00,0.52,79,0.1
2026-09-11T21:22:48+09:00,0.52,79,0.1
2026-09-11T21:33:10+09:00,0.52,79,0.1
2026-09-11T21:43:30+09:00,0.52,79,0.11
2026-09-11T21:53:50+09:00,0.52,79,0.11
2026-09-11T22:04:12+09:00,0.52,79,0.11
2026-09-11T22:14:32+09:00,0.52,79,0.11
2026-09-11T22:24:52+09:00,0.52,79,0.11
2026-09-11T22:35:14+09:00,0.52,79,0.11
2026-09-11T22:45:34+09:00,0.52,79,0.11
2026-09-11T22:55:54+09:00,0.52,79,0.11
2026-09-11T23:06:16+09:00,0.52,79,0.11
2026-09-11T23:16:36+09:00,0.52,79,0.11
2026-09-11T23:26:56+09:00,0.52,79,0.13
2026-09-11T23:37:18+09:00,0.52,79,0.14
2026-09-11T23:47:38+09:00,0.52,79,0.14
2026-09-11T23:57:58+09:00,0.52,79,0.14
2026-09-11T23:59:00+09:00,0.52,79,0.14
2026-09-12T00:10:21+09:00,0.52,79,0.14
2026-09-12T00:20:41+09:00,0.52,79,0.18
2026-09-12T00:31:01+09:00,0.52,79,0.2
2026-09-12T00:41:23+09:00,0.52,79,0.32
2026-09-12T00:51:43+09:00,0.52,79,0.36
2026-09-12T01:02:03+09:00,0.52,79,0.27
2026-09-12T01:12:25+09:00,0.52,79,0.21
2026-09-12T01:22:45+09:00,0.52,79,0.19
2026-09-12T01:43:27+09:00,0.52,79,0.17
2026-09-12T01:53:47+09:00,0.52,79,0.21
2026-09-12T02:04:09+09:00,0.52,79,0.3
2026-09-12T02:14:29+09:00,0.52,79,0.33
2026-09-12T02:24:49+09:00,0.52,79,0.24
2026-09-12T02:35:11+09:00,0.52,79,0.19
2026-09-12T02:45:31+09:00,0.52,79,0.17
2026-09-12T02:55:51+09:00,0.52,79,0.16
2026-09-12T03:06:13+09:00,0.52,79,0.16
2026-09-12T03:16:33+09:00,0.52,79,0.18
2026-09-12T03:26:53+09:00,0.52,79,0.22
2026-09-12T03:37:15+09:00,0.52,79,0.21
2026-09-12T03:47:35+09:00,0.52,79,0.19
2026-09-12T03:57:55+09:00,0.52,79,0.19
2026-09-12T04:08:17+09:00,0.52,79,0.21
2026-09-12T04:18:37+09:00,0.52,79,0.27
2026-09-12T04:28:57+09:00,0.52,79,0.24
2026-09-12T04:39:19+09:00,0.52,79,0.18
2026-09-12T04:49:39+09:00,0.52,79,0.14
2026-09-12T04:59:59+09:00,0.52,79,0.13
2026-09-12T05:10:21+09:00,0.52,79,0.14
2026-09-12T05:20:41+09:00,0.52,79,0.15
2026-09-12T05:31:01+09:00,0.52,79,0.17
2026-09-12T05:41:23+09:00,0.52,79,0.23
2026-09-12T05:51:43+09:00,0.52,79,0.2
2026-09-12T06:02:03+09:00,0.52,79,0.18
2026-09-12T06:12:25+09:00,0.52,79,0.18
2026-09-12T06:22:45+09:00,0.52,79,0.18
2026-09-12T06:43:27+09:00,0.52,79,0.18
2026-09-12T06:53:47+09:00,0.52,79,0.14
2026-09-12T07:04:09+09:00,0.52,79,0.12
2026-09-12T07:14:29+09:00,0.52,79,0.11
2026-09-12T07:24:49+09:00,0.52,79,0.14
2026-09-12T07:35:11+09:00,0.52,79,0.18
2026-09-12T07:45:31+09:00,0.52,79,0.21
2026-09-12T07:55:51+09:00,0.52,79,0.19
2026-09-12T08:06:13+09:00,0.52,79,0.16
2026-09-12T08:16:33+09:00,0.52,79,0.14
2026-09-12T08:26:53+09:00,0.52,79,0.12
2026-09-12T08:37:15+09:00,0.52,79,0.12
2026-09-12T08:47:35+09:00,0.52,79,0.13
2026-09-12T08:57:55+09:00,0.52,79,0.12
2026-09-12T09:08:17+09:00,0.52,79,0.12
2026-09-12T09:18:38+09:00,0.52,79,0.11
2026-09-12T09:28:58+09:00,0.52,79,0.11
2026-09-12T09:39:20+09:00,0.52,79,0.11
2026-09-12T09:49:39+09:00,0.52,79,0.11
2026-09-12T09:59:59+09:00,0.52,79,0.1
2026-09-12T10:10:22+09:00,0.52,79,0.1
2026-09-12T10:20:42+09:00,0.52,79,0.1
2026-09-12T10:31:02+09:00,0.52,79,0.1
2026-09-12T10:41:24+09:00,0.52,79,0.1
2026-09-12T10:51:44+09:00,0.52,79,0.1
2026-09-12T11:02:04+09:00,0.52,79,0.1
2026-09-12T11:12:26+09:00,0.52,79,0.09
2026-09-12T11:22:46+09:00,0.52,79,0.09
2026-09-12T11:33:08+09:00,0.52,79,0.09
2026-09-12T11:43:31+09:00,0.52,79,0.09
2026-09-12T11:53:51+09:00,0.52,79,0.09
2026-09-12T12:04:13+09:00,0.52,79,0.09
2026-09-12T12:14:33+09:00,0.52,79,0.09
2026-09-12T12:24:53+09:00,0.52,79,0.09
2026-09-12T12:35:15+09:00,0.52,79,0.09
2026-09-12T12:45:35+09:00,0.52,79,0.09
2026-09-12T12:55:55+09:00,0.52,79,0.09
2026-09-12T13:06:17+09:00,0.52,79,0.09
2026-09-12T13:16:37+09:00,0.52,79,0.11
2026-09-12T13:26:57+09:00,0.52,79,0.1
2026-09-12T13:37:19+09:00,0.52,79,0.09
2026-09-12T13:47:39+09:00,0.52,79,0.08
2026-09-12T13:57:59+09:00,0.52,79,0.07
2026-09-12T14:08:21+09:00,0.52,79,0.07
2026-09-12T14:18:41+09:00,0.52,79,0.07
2026-09-12T14:29:01+09:00,0.52,79,0.07
2026-09-12T14:39:23+09:00,0.52,79,0.07
2026-09-12T14:49:43+09:00,0.52,79,0.07
2026-09-12T15:00:03+09:00,0.52,79,0.07
2026-09-12T15:10:25+09:00,0.52,79,0.07
2026-09-12T15:20:45+09:00,0.52,79,0.07
2026-09-12T15:31:05+09:00,0.52,79,0.07
2026-09-12T15:41:27+09:00,0.52,79,0.07
2026-09-12T15:51:47+09:00,0.52,79,0.07
2026-09-12T16:02:08+09:00,0.52,79,0.07
2026-09-12T16:12:28+09:00,0.52,79,0.07
2026-09-12T16:22:48+09:00,0.52,79,0.07
2026-09-12T16:33:10+09:00,0.52,79,0.07
2026-09-12T16:43:30+09:00,0.52,79,0.07
2026-09-12T16:53:50+09:00,0.52,79,0.07
2026-09-12T17:04:12+09:00,0.52,79,0.07
2026-09-12T17:14:32+09:00,0.52,79,0.07
2026-09-12T17:24:52+09:00,0.52,79,0.07
2026-09-12T17:35:14+09:00,0.52,79,0.07
2026-09-12T17:45:34+09:00,0.52,79,0.08
2026-09-12T17:55:54+09:00,0.52,79,0.07
2026-09-12T18:06:16+09:00,0.52,79,0.08
2026-09-12T18:16:36+09:00,0.52,79,0.08
2026-09-12T18:26:56+09:00,0.52,79,0.08
2026-09-12T18:37:18+09:00,0.52,79,0.08
2026-09-12T18:47:38+09:00,0.52,79,0.08
2026-09-12T18:57:58+09:00,0.52,79,0.09
2026-09-12T19:08:20+09:00,0.52,79,0.09
2026-09-12T19:18:40+09:00,0.52,79,0.09
2026-09-12T19:29:00+09:00,0.52,79,0.09
2026-09-12T19:39:22+09:00,0.52,79,0.09
2026-09-12T19:49:42+09:00,0.52,79,0.1
2026-09-12T20:00:02+09:00,0.52,79,0.1
2026-09-12T20:10:24+09:00,0.52,79,0.1
2026-09-12T20:20:44+09:00,0.52,79,0.09
2026-09-12T20:31:04+09:00,0.52,79,0.09
2026-09-12T20:41:26+09:00,0.52,79,0.1
2026-09-12T20:51:46+09:00,0.52,79,0.1
2026-09-12T21:02:08+09:00,0.52,79,0.1
2026-09-12T21:12:28+09:00,0.52,79,0.1
2026-09-12T21:22:48+09:00,0.52,79,0.1
2026-09-12T21:33:10+09:00,0.52,79,0.11
2026-09-12T21:43:30+09:00,0.52,79,0.1
2026-09-12T21:53:50+09:00,0.52,79,0.11
2026-09-12T22:04:12+09:00,0.52,79,0.11
2026-09-12T22:14:32+09:00,0.52,79,0.1
2026-09-12T22:24:52+09:00,0.52,79,0.1
2026-09-12T22:35:14+09:00,0.52,79,0.1
2026-09-12T22:45:34+09:00,0.52,79,0.11
2026-09-12T22:55:54+09:00,0.52,79,0.1
2026-09-12T23:06:16+09:00,0.52,79,0.1
2026-09-12T23:16:36+09:00,0.52,79,0.1
2026-09-12T23:26:56+09:00,0.52,79,0.1
2026-09-12T23:37:18+09:00,0.52,79,0.1
2026-09-12T23:47:38+09:00,0.52,79,0.1
2026-09-12T23:57:58+09:00,0.52,79,0.1
2026-09-13T00:10:21+09:00,0.52,79,0.1
2026-09-13T00:20:41+09:00,0.52,79,0.1
2026-09-13T00:31:01+09:00,0.52,79,0.09
2026-09-13T00:41:23+09:00,0.52,79,0.09
2026-09-13T00:51:43+09:00,0.52,79,0.09
2026-09-13T01:02:03+09:00,0.52,79,0.09
2026-09-13T01:12:25+09:00,0.52,79,0.09
2026-09-13T01:22:45+09:00,0.52,79,0.08
2026-09-13T01:33:05+09:00,0.52,79,0.08
2026-09-13T01:43:27+09:00,0.52,79,0.07
2026-09-13T01:53:47+09:00,0.52,79,0.07
2026-09-13T02:04:09+09:00,0.52,79,0.07
2026-09-13T02:14:29+09:00,0.52,79,0.07
2026-09-13T02:24:49+09:00,0.52,79,0.07
2026-09-13T02:35:11+09:00,0.52,79,0.06
2026-09-13T02:45:31+09:00,0.52,79,0.06
2026-09-13T02:55:51+09:00,0.52,79,0.06
2026-09-13T03:06:13+09:00,0.52,79,0.06
2026-09-13T03:16:33+09:00,0.52,79,0
2026-09-13T03:26:53+09:00,0.52,79,0.06
2026-09-13T03:37:15+09:00,0.52,79,0
2026-09-13T03:47:35+09:00,0.52,79,0
2026-09-13T03:57:55+09:00,0.52,79,0
2026-09-13T04:08:17+09:00,0.52,79,0
2026-09-13T04:18:37+09:00,0.52,79,0
2026-09-13T04:28:57+09:00,0.52,79,0
2026-09-13T04:39:19+09:00,0.52,79,0
2026-09-13T04:49:39+09:00,0.52,79,0
2026-09-13T04:59:59+09:00,0.52,79,0
2026-09-13T05:10:21+09:00,0.52,79,0.09
2026-09-13T05:20:41+09:00,0.52,79,0.11
2026-09-13T05:31:01+09:00,0.52,79,0.09
2026-09-13T05:41:23+09:00,0.52,79,0.14
2026-09-13T05:51:43+09:00,0.52,79,0.12
2026-09-13T06:02:03+09:00,0.52,79,0.1
2026-09-13T06:12:25+09:00,0.52,79,0.13
2026-09-13T06:22:45+09:00,0.52,79,0.11
2026-09-13T06:43:30+09:00,0.52,79,0.14
2026-09-13T07:04:12+09:00,0.52,79,0.09
2026-09-13T07:14:32+09:00,0.52,79,0.09
2026-09-13T07:24:52+09:00,0.52,79,0.08
2026-09-13T07:35:14+09:00,0.52,79,0.08
2026-09-13T07:45:34+09:00,0.52,79,0.09
2026-09-13T07:55:54+09:00,0.52,79,0.09
2026-09-13T08:06:16+09:00,0.52,79,0.09
2026-09-13T08:16:36+09:00,0.52,79,0.1
2026-09-13T08:26:56+09:00,0.52,79,0.11
2026-09-13T08:37:18+09:00,0.52,79,0.11
2026-09-13T08:47:38+09:00,0.52,79,0.12
2026-09-13T08:57:58+09:00,0.52,79,0.12
2026-09-13T09:08:20+09:00,0.52,79,0.11
2026-09-13T09:18:40+09:00,0.52,79,0.11
2026-09-13T09:29:00+09:00,0.52,79,0.11
2026-09-13T09:39:22+09:00,0.52,79,0.12
2026-09-13T09:49:42+09:00,0.52,79,0.11
2026-09-13T10:00:02+09:00,0.52,79,0.11
2026-09-13T10:10:24+09:00,0.52,79,0.11
2026-09-13T10:20:44+09:00,0.52,79,0.11
2026-09-13T10:31:04+09:00,0.52,79,0.12
2026-09-13T10:41:26+09:00,0.52,79,0.11
2026-09-13T10:51:46+09:00,0.52,79,0.11
2026-09-13T11:02:08+09:00,0.52,79,0.11
2026-09-13T11:12:28+09:00,0.52,79,0.1
2026-09-13T11:22:48+09:00,0.52,79,0.11
2026-09-13T11:33:10+09:00,0.52,79,0.1
2026-09-13T11:43:30+09:00,0.52,79,0.1
2026-09-13T11:53:50+09:00,0.52,79,0.1
2026-09-13T12:04:12+09:00,0.52,79,0.1
2026-09-13T12:14:32+09:00,0.52,79,0.1
2026-09-13T12:24:52+09:00,0.52,79,0.1
2026-09-13T12:35:14+09:00,0.52,79,0.1
2026-09-13T12:45:35+09:00,0.52,79,0.1
2026-09-13T12:55:54+09:00,0.52,79,0.09
2026-09-13T13:06:17+09:00,0.52,79,0.1
2026-09-13T13:16:36+09:00,0.52,79,0.1
2026-09-13T13:26:57+09:00,0.52,79,0.1
2026-09-13T13:37:19+09:00,0.52,79,0.09
2026-09-13T13:47:38+09:00,0.52,79,0.09
2026-09-13T13:57:59+09:00,0.52,79,0.09
2026-09-13T14:08:21+09:00,0.52,79,0.09
2026-09-13T14:18:41+09:00,0.52,79,0.09
2026-09-13T14:29:01+09:00,0.52,79,0.09
2026-09-13T14:39:23+09:00,0.52,79,0.09
2026-09-13T14:49:43+09:00,0.52,79,0.09
2026-09-13T15:00:03+09:00,0.52,79,0.09
2026-09-13T15:10:25+09:00,0.52,79,0.09
2026-09-13T15:20:45+09:00,0.52,79,0.09
2026-09-13T15:41:27+09:00,0.52,79,0.09
2026-09-13T15:51:47+09:00,0.52,79,0.09
2026-09-13T16:02:09+09:00,0.52,79,0.09
2026-09-13T16:12:29+09:00,0.52,79,0.08
2026-09-13T16:22:49+09:00,0.52,79,0.09
2026-09-13T16:33:11+09:00,0.52,79,0.09
2026-09-13T16:43:31+09:00,0.52,79,0.09
2026-09-13T16:53:51+09:00,0.52,79,0.09
2026-09-13T17:04:13+09:00,0.52,79,0.09
2026-09-13T17:14:33+09:00,0.52,79,0.09
2026-09-13T17:24:53+09:00,0.52,79,0.09
2026-09-13T17:35:15+09:00,0.52,79,0.1
2026-09-13T17:45:35+09:00,0.52,79,0.1
2026-09-13T17:55:55+09:00,0.52,79,0.1
2026-09-13T18:06:17+09:00,0.52,79,0.1
2026-09-13T18:16:37+09:00,0.52,79,0.11
2026-09-13T18:26:57+09:00,0.52,79,0.11
2026-09-13T18:37:19+09:00,0.52,79,0.11
2026-09-13T18:47:39+09:00,0.52,79,0.11
2026-09-13T18:57:59+09:00,0.52,79,0.11
2026-09-13T19:08:21+09:00,0.52,79,0.11
2026-09-13T19:18:41+09:00,0.52,79,0.12
2026-09-13T19:29:01+09:00,0.52,79,0.12
2026-09-13T19:39:23+09:00,0.52,79,0.12
2026-09-13T19:49:43+09:00,0.52,79,0.12
2026-09-13T20:00:03+09:00,0.52,79,0.12
2026-09-13T20:10:25+09:00,0.52,79,0.12
2026-09-13T20:20:45+09:00,0.52,79,0.12
2026-09-13T20:41:27+09:00,0.52,79,0.12
2026-09-13T20:51:47+09:00,0.52,79,0.12
2026-09-13T21:02:09+09:00,0.52,79,0.12
2026-09-13T21:12:29+09:00,0.52,79,0.12
2026-09-13T21:22:49+09:00,0.52,79,0.12
2026-09-13T21:33:11+09:00,0.52,79,0.12
2026-09-13T21:43:31+09:00,0.52,79,0.12
2026-09-13T21:53:51+09:00,0.52,79,0.12
2026-09-13T22:04:13+09:00,0.52,79,0.12
2026-09-13T22:14:33+09:00,0.52,79,0.12
2026-09-13T22:24:53+09:00,0.52,79,0.12
2026-09-13T22:35:15+09:00,0.52,79,0.11
2026-09-13T22:45:35+09:00,0.52,79,0.12
2026-09-13T22:55:55+09:00,0.52,79,0.12
2026-09-13T23:06:17+09:00,0.52,79,0.11
2026-09-13T23:16:37+09:00,0.52,79,0.11
2026-09-13T23:26:57+09:00,0.52,79,0.12
2026-09-13T23:37:19+09:00,0.52,79,0.11
2026-09-13T23:47:39+09:00,0.52,79,0.11
2026-09-13T23:57:59+09:00,0.52,79,0.1
2026-09-14T00:10:21+09:00,0.52,79,0.1
2026-09-14T00:20:41+09:00,0.52,79,0.11
2026-09-14T00:31:01+09:00,0.52,79,0.11
2026-09-14T00:41:23+09:00,0.52,79,0.1
2026-09-14T00:51:43+09:00,0.52,79,0.1
2026-09-14T01:02:03+09:00,0.52,79,0.09
2026-09-14T01:12:25+09:00,0.52,79,0.09
2026-09-14T01:22:45+09:00,0.52,79,0.08
2026-09-14T01:43:27+09:00,0.52,79,0.08
2026-09-14T01:53:47+09:00,0.52,79,0.08
2026-09-14T02:04:09+09:00,0.52,79,0.08
2026-09-14T02:14:29+09:00,0.52,79,0.07
2026-09-14T02:24:49+09:00,0.52,79,0.08
2026-09-14T02:35:11+09:00,0.52,79,0.07
2026-09-14T02:45:31+09:00,0.52,79,0.07
2026-09-14T02:55:54+09:00,0.52,79,0.06
2026-09-14T03:06:16+09:00,0.52,79,0.06
2026-09-14T03:16:36+09:00,0.52,79,0.06
2026-09-14T03:26:56+09:00,0.52,79,0.06
2026-09-14T03:37:18+09:00,0.52,79,0.06
2026-09-14T03:47:38+09:00,0.52,79,0.06
2026-09-14T03:57:58+09:00,0.52,79,0.06
2026-09-14T04:08:20+09:00,0.52,79,0.06
2026-09-14T04:18:40+09:00,0.52,79,0.06
2026-09-14T04:29:00+09:00,0.52,79,0
2026-09-14T04:39:22+09:00,0.52,79,0
2026-09-14T04:49:42+09:00,0.52,79,0
2026-09-14T05:00:02+09:00,0.52,79,0
2026-09-14T05:10:24+09:00,0.52,79,0.08
2026-09-14T05:20:44+09:00,0.52,79,0.12
2026-09-14T05:31:04+09:00,0.52,79,0.11
2026-09-14T05:41:26+09:00,0.52,79,0.16
2026-09-14T05:51:46+09:00,0.52,79,0.14
2026-09-14T06:02:08+09:00,0.52,79,0.11
2026-09-14T06:12:28+09:00,0.52,79,0.14
2026-09-14T06:22:48+09:00,0.52,79,0.13
2026-09-14T06:33:10+09:00,0.52,79,0.12
2026-09-14T06:43:30+09:00,0.52,79,0.15
2026-09-14T06:53:50+09:00,0.52,79,0.14
2026-09-14T07:04:12+09:00,0.52,79,0.12
2026-09-14T07:14:32+09:00,0.52,79,0.11
2026-09-14T07:24:52+09:00,0.52,79,0.11
2026-09-14T07:35:14+09:00,0.52,79,0.11
2026-09-14T07:45:34+09:00,0.52,79,0.12
2026-09-14T07:55:54+09:00,0.52,79,0.12
2026-09-14T08:06:16+09:00,0.52,79,0.13
2026-09-14T08:16:36+09:00,0.52,79,0.13
2026-09-14T08:26:56+09:00,0.52,79,0.13
2026-09-14T08:37:18+09:00,0.52,79,0.13
2026-09-14T08:47:38+09:00,0.52,79,0.14
2026-09-14T08:57:58+09:00,0.52,79,0.14
2026-09-14T09:08:20+09:00,0.52,79,0.14
2026-09-14T09:18:40+09:00,0.52,79,0.12
2026-09-14T09:29:03+09:00,0.52,79,0.12
2026-09-14T09:39:25+09:00,0.52,79,0.12
2026-09-14T09:49:45+09:00,0.52,79,0.12
2026-09-14T10:00:05+09:00,0.52,79,0.12
2026-09-14T10:10:27+09:00,0.52,79,0.12
2026-09-14T10:20:47+09:00,0.52,79,0.11
2026-09-14T10:31:09+09:00,0.52,79,0.11
2026-09-14T10:41:29+09:00,0.52,79,0.11
2026-09-14T10:51:49+09:00,0.52,79,0.11
2026-09-14T11:02:11+09:00,0.52,79,0.11
2026-09-14T11:12:31+09:00,0.52,79,0.1
2026-09-14T11:22:51+09:00,0.52,79,0.1
2026-09-14T11:33:13+09:00,0.52,79,0.1
2026-09-14T11:43:33+09:00,0.52,79,0.1
2026-09-14T11:53:53+09:00,0.52,79,0.1
2026-09-14T12:04:15+09:00,0.52,79,0.1
2026-09-14T12:14:35+09:00,0.52,79,0.1
2026-09-14T12:24:55+09:00,0.52,79,0.1
2026-09-14T12:35:17+09:00,0.52,79,0.1
2026-09-14T12:45:37+09:00,0.52,79,0.1
2026-09-14T12:55:57+09:00,0.52,79,0.1
2026-09-14T13:06:19+09:00,0.52,79,0.11
2026-09-14T13:16:39+09:00,0.52,79,0.12
2026-09-14T13:26:59+09:00,0.52,79,0.13
2026-09-14T13:37:21+09:00,0.52,79,0.12
2026-09-14T13:47:41+09:00,0.52,79,0.11
2026-09-14T13:58:01+09:00,0.52,79,0.09
2026-09-14T14:08:23+09:00,0.52,79,0.1
2026-09-14T14:18:43+09:00,0.52,79,0.09
2026-09-14T14:29:03+09:00,0.52,79,0.09
2026-09-14T14:39:25+09:00,0.52,79,0.1
2026-09-14T14:49:45+09:00,0.52,79,0.1
2026-09-14T15:00:05+09:00,0.52,79,0.1
2026-09-14T15:10:27+09:00,0.52,79,0.1
2026-09-14T15:20:47+09:00,0.52,79,0.09
2026-09-14T15:31:09+09:00,0.52,79,0.1
2026-09-14T15:41:29+09:00,0.52,79,0.1
2026-09-14T15:51:52+09:00,0.52,79,0.1
2026-09-14T16:02:15+09:00,0.52,79,0.1
2026-09-14T16:12:35+09:00,0.52,79,0.1
2026-09-14T16:22:55+09:00,0.52,79,0.09
2026-09-14T16:33:17+09:00,0.52,79,0.09
2026-09-14T16:43:37+09:00,0.52,79,0.09
2026-09-14T16:53:57+09:00,0.52,79,0.09
2026-09-14T17:04:19+09:00,0.52,79,0.09
2026-09-14T17:14:39+09:00,0.52,79,0.1
2026-09-14T17:24:59+09:00,0.52,79,0.09
2026-09-14T17:35:21+09:00,0.52,79,0.09
2026-09-14T17:45:41+09:00,0.52,79,0.09
2026-09-14T17:56:01+09:00,0.52,79,0.09
2026-09-14T18:06:23+09:00,0.52,79,0.09
2026-09-14T18:16:43+09:00,0.52,79,0.09
2026-09-14T18:27:03+09:00,0.52,79,0.09
2026-09-14T18:37:25+09:00,0.52,79,0.1
2026-09-14T18:47:45+09:00,0.52,79,0.1
2026-09-14T19:08:27+09:00,0.52,79,0.1
2026-09-14T19:18:50+09:00,0.52,79,0.11
2026-09-14T19:29:12+09:00,0.52,79,0.11
2026-09-14T19:39:32+09:00,0.52,79,0.11
2026-09-14T19:49:52+09:00,0.52,79,0.11
2026-09-14T20:00:14+09:00,0.52,79,0.11
2026-09-14T20:10:34+09:00,0.52,79,0.11
2026-09-14T20:20:54+09:00,0.52,79,0.1
2026-09-14T20:31:16+09:00,0.52,79,0.1
2026-09-14T20:51:56+09:00,0.52,79,0.11
2026-09-14T21:02:18+09:00,0.52,79,0.1
2026-09-14T21:12:38+09:00,0.52,79,0.11
2026-09-14T21:22:58+09:00,0.52,79,0.11
2026-09-14T21:33:20+09:00,0.52,79,0.11
2026-09-14T21:43:40+09:00,0.52,79,0.11
2026-09-14T21:54:00+09:00,0.52,79,0.11
2026-09-14T22:04:22+09:00,0.52,79,0.1
2026-09-14T22:14:42+09:00,0.52,79,0.11
2026-09-14T22:25:02+09:00,0.52,79,0.1
2026-09-14T22:35:24+09:00,0.52,79,0.11
2026-09-14T22:45:44+09:00,0.52,79,0.11
2026-09-14T22:56:04+09:00,0.52,79,0.1
2026-09-14T23:06:26+09:00,0.52,79,0.1
2026-09-14T23:16:46+09:00,0.52,79,0.1
2026-09-14T23:27:08+09:00,0.52,79,0.1
2026-09-14T23:37:28+09:00,0.55,79,0.1
2026-09-14T23:47:48+09:00,0.52,79,0.09
2026-09-14T23:58:10+09:00,0.52,79,0.1
2026-09-15T00:10:21+09:00,0.52,79,0.09
2026-09-15T00:20:41+09:00,0.52,79,0.1
2026-09-15T00:31:01+09:00,0.52,79,0.09
2026-09-15T00:41:23+09:00,0.52,79,0.08
2026-09-15T00:51:43+09:00,0.52,79,0.08
2026-09-15T01:02:03+09:00,0.52,79,0.08
2026-09-15T01:12:25+09:00,0.52,79,0.07
2026-09-15T01:22:45+09:00,0.52,79,0.07
2026-09-15T01:43:27+09:00,0.52,79,0.07
2026-09-15T01:53:47+09:00,0.52,79,0.06
2026-09-15T02:04:09+09:00,0.52,79,0.06
2026-09-15T02:14:29+09:00,0.52,79,0.06
2026-09-15T02:24:49+09:00,0.52,79,0
2026-09-15T02:35:11+09:00,0.52,79,0
2026-09-15T02:45:31+09:00,0.52,79,0
2026-09-15T02:55:51+09:00,0.52,79,0
2026-09-15T03:06:13+09:00,0.52,79,0
2026-09-15T03:16:33+09:00,0.52,79,0
2026-09-15T03:26:53+09:00,0.55,79,0
2026-09-15T03:37:15+09:00,0.52,79,0
2026-09-15T03:47:35+09:00,0.52,79,0
2026-09-15T03:57:55+09:00,0.52,79,0
2026-09-15T04:08:17+09:00,0.52,79,0.09
2026-09-15T04:18:37+09:00,0.52,79,0.09
2026-09-15T04:28:57+09:00,0.52,79,0.14
2026-09-15T04:39:19+09:00,0.52,79,0.13
2026-09-15T04:49:39+09:00,0.52,79,0.12
2026-09-15T04:59:59+09:00,0.52,79,0.11
2026-09-15T05:10:21+09:00,0.52,79,0.16
2026-09-15T05:20:41+09:00,0.52,79,0.16
2026-09-15T05:31:01+09:00,0.52,79,0.16
2026-09-15T05:41:23+09:00,0.52,79,0.18
2026-09-15T05:51:46+09:00,0.52,79,0.15
2026-09-15T06:02:08+09:00,0.52,83,0.15
2026-09-15T06:12:28+09:00,0.52,79,0.18
2026-09-15T06:22:48+09:00,0.52,79,0.19
2026-09-15T06:33:10+09:00,0.52,83,0.26
2026-09-15T06:43:30+09:00,0.52,79,0.27
2026-09-15T06:53:50+09:00,0.52,79,0.25
2026-09-15T07:04:12+09:00,0.52,79,0.22
2026-09-15T07:14:32+09:00,0.52,83,0.19
2026-09-15T07:24:52+09:00,0.52,79,0.17
2026-09-15T07:35:14+09:00,0.52,79,0.14
2026-09-15T07:45:37+09:00,0.52,83,0.13
2026-09-15T08:06:19+09:00,0.55,79,0.1
2026-09-15T08:16:39+09:00,0.52,83,0.1
2026-09-15T08:26:59+09:00,0.52,79,0.1
2026-09-15T08:37:21+09:00,0.52,83,0.1
2026-09-15T08:47:41+09:00,0.52,83,0.1
2026-09-15T08:58:01+09:00,0.52,79,0.09
2026-09-15T09:08:23+09:00,0.52,79,0.09
2026-09-15T09:18:43+09:00,0.52,79,0.09
2026-09-15T09:39:25+09:00,0.52,83,0.09
2026-09-15T09:49:45+09:00,0.52,83,0.09
2026-09-15T10:10:27+09:00,0.52,83,0.08
2026-09-15T10:20:47+09:00,0.52,79,0.08
2026-09-15T10:31:09+09:00,0.52,83,0.08
2026-09-15T10:41:29+09:00,0.55,79,0.08
2026-09-15T10:51:49+09:00,0.52,79,0.08
2026-09-15T11:02:11+09:00,0.55,83,0.07
2026-09-15T11:12:31+09:00,0.52,79,0.07
2026-09-15T11:22:51+09:00,0.55,83,0.07
2026-09-15T11:33:13+09:00,0.55,83,0.07
2026-09-15T11:43:33+09:00,0.55,83,0.07
2026-09-15T11:53:53+09:00,0.55,83,0.07
2026-09-15T12:04:15+09:00,0.55,79,0.07
2026-09-15T12:14:35+09:00,0.55,79,0.07
2026-09-15T12:24:55+09:00,0.55,79,0.07
2026-09-15T12:35:17+09:00,0.55,79,0.07
2026-09-15T12:45:37+09:00,0.55,83,0.07
2026-09-15T12:55:57+09:00,0.55,83,0.07
2026-09-15T13:06:19+09:00,0.52,79,0.07
2026-09-15T13:16:39+09:00,0.55,79,0.07
2026-09-15T13:26:59+09:00,0.55,79,0.07
2026-09-15T13:37:21+09:00,0.55,79,0.07
2026-09-15T13:47:41+09:00,0.55,79,0.06
2026-09-15T13:58:01+09:00,0.52,79,0.06
2026-09-15T14:08:23+09:00,0.52,79,0.07
2026-09-15T14:18:43+09:00,0.52,79,0.07
2026-09-15T14:29:03+09:00,0.55,79,0.06
2026-09-15T14:39:25+09:00,0.55,79,0.06
2026-09-15T15:00:05+09:00,0.55,79,0.06
2026-09-15T15:20:50+09:00,0.52,79,0.07
2026-09-15T15:31:12+09:00,0.55,79,0.07
2026-09-15T15:41:32+09:00,0.55,83,0.07
2026-09-15T15:51:52+09:00,0.55,79,0.07
2026-09-15T16:02:14+09:00,0.52,79,0.07
2026-09-15T16:12:34+09:00,0.55,79,0.07
2026-09-15T16:22:54+09:00,0.55,79,0.07
2026-09-15T16:33:16+09:00,0.55,79,0.06
2026-09-15T16:43:36+09:00,0.52,79,0.07
2026-09-15T16:53:56+09:00,0.55,79,0.07
2026-09-15T17:04:18+09:00,0.52,79,0.07
2026-09-15T17:14:38+09:00,0.55,83,0.07
2026-09-15T17:24:58+09:00,0.52,79,0.07
2026-09-15T17:35:20+09:00,0.52,79,0.07
2026-09-15T17:45:40+09:00,0.55,79,0.08
2026-09-15T17:56:00+09:00,0.55,79,0.07
2026-09-15T18:06:22+09:00,0.52,79,0.07
2026-09-15T18:16:42+09:00,0.55,83,0.07
2026-09-15T18:27:02+09:00,0.55,79,0.07
2026-09-15T18:37:24+09:00,0.52,79,0.08
2026-09-15T18:47:44+09:00,0.52,79,0.08
2026-09-15T18:58:04+09:00,0.52,79,0.08
2026-09-15T19:08:26+09:00,0.55,79,0.08
2026-09-15T19:18:46+09:00,0.52,79,0.08
2026-09-15T19:29:08+09:00,0.55,79,0.09
2026-09-15T19:39:28+09:00,0.52,79,0.08
2026-09-15T19:49:48+09:00,0.55,79,0.09
2026-09-15T20:00:10+09:00,0.52,79,0.09
2026-09-15T20:10:30+09:00,0.52,79,0.09
2026-09-15T20:20:50+09:00,0.55,79,0.09
2026-09-15T20:31:12+09:00,0.52,79,0.09
2026-09-15T20:41:32+09:00,0.52,79,0.09
2026-09-15T20:51:52+09:00,0.52,79,0.1
2026-09-15T21:02:14+09:00,0.52,79,0.09
2026-09-15T21:12:34+09:00,0.52,79,0.1
2026-09-15T21:22:54+09:00,0.52,79,0.1
2026-09-15T21:33:16+09:00,0.52,83,0.09
2026-09-15T21:43:36+09:00,0.52,83,0.1
2026-09-15T21:53:56+09:00,0.52,79,0.1
2026-09-15T22:04:18+09:00,0.55,79,0.1
2026-09-15T22:14:38+09:00,0.52,79,0.09
2026-09-15T22:24:58+09:00,0.52,83,0.1
2026-09-15T22:35:20+09:00,0.55,83,0.1
2026-09-15T22:45:40+09:00,0.52,79,0.1
2026-09-15T22:56:00+09:00,0.52,79,0.1
2026-09-15T23:06:22+09:00,0.52,83,0.1
2026-09-15T23:16:42+09:00,0.52,83,0.09
2026-09-15T23:27:02+09:00,0.52,79,0.09
2026-09-15T23:37:24+09:00,0.52,79,0.09
2026-09-15T23:47:44+09:00,0.52,83,0.09
2026-09-15T23:58:04+09:00,0.52,83,0.09
2026-09-16T00:00:02+09:00,0.55,79,0.09
2026-09-16T00:10:21+09:00,0.52,83,0.09
2026-09-16T00:20:41+09:00,0.52,79,0.09
2026-09-16T00:31:01+09:00,0.52,79,0.09
2026-09-16T00:41:23+09:00,0.52,83,0.08
2026-09-16T00:51:43+09:00,0.55,79,0.08
2026-09-16T01:02:03+09:00,0.52,83,0.07
2026-09-16T01:12:25+09:00,0.52,79,0.07
2026-09-16T01:22:45+09:00,0.52,83,0.07
2026-09-16T01:33:05+09:00,0.52,83,0.06
2026-09-16T01:43:27+09:00,0.52,83,0.07
2026-09-16T01:53:47+09:00,0.52,83,0.06
2026-09-16T02:04:09+09:00,0.52,79,0.06
2026-09-16T02:14:29+09:00,0.55,83,0.06
2026-09-16T02:24:49+09:00,0.52,83,0.06
2026-09-16T02:35:11+09:00,0.55,79,0
2026-09-16T02:45:31+09:00,0.52,83,0
2026-09-16T02:55:51+09:00,0.52,79,0
2026-09-16T03:06:13+09:00,0.52,83,0
2026-09-16T03:16:33+09:00,0.55,79,0
2026-09-16T03:26:53+09:00,0.52,79,0
2026-09-16T03:37:15+09:00,0.52,79,0
2026-09-16T03:47:35+09:00,0.52,79,0
2026-09-16T03:57:55+09:00,0.52,83,0
2026-09-16T04:08:17+09:00,0.55,79,0
2026-09-16T04:18:37+09:00,0.52,83,0
2026-09-16T04:28:57+09:00,0.52,83,0
2026-09-16T04:39:19+09:00,0.52,83,0
2026-09-16T04:49:39+09:00,0.55,83,0
2026-09-16T04:59:59+09:00,0.55,83,0
2026-09-16T05:10:21+09:00,0.55,83,0.1
2026-09-16T05:20:41+09:00,0.52,79,0.1
2026-09-16T05:31:01+09:00,0.55,83,0.08
2026-09-16T05:41:23+09:00,0.55,79,0.14
2026-09-16T05:51:43+09:00,0.55,79,0.11
2026-09-16T06:02:03+09:00,0.52,83,0.09
2026-09-16T06:12:25+09:00,0.52,83,0.12
2026-09-16T06:22:45+09:00,0.55,83,0.1
2026-09-16T06:43:27+09:00,0.55,83,0.13
2026-09-16T06:53:47+09:00,0.55,83,0.12
2026-09-16T07:04:09+09:00,0.55,83,0.09
2026-09-16T07:14:29+09:00,0.55,83,0.09
2026-09-16T07:24:49+09:00,0.55,83,0.09
2026-09-16T07:35:11+09:00,0.55,83,0.09
2026-09-16T07:45:31+09:00,0.52,83,0.09
2026-09-16T07:55:51+09:00,0.52,79,0.1
2026-09-16T08:06:13+09:00,0.55,83,0.1
2026-09-16T08:16:33+09:00,0.55,83,0.1
2026-09-16T08:26:53+09:00,0.55,79,0.1
2026-09-16T08:37:15+09:00,0.55,83,0.11
2026-09-16T08:47:35+09:00,0.55,83,0.11
2026-09-16T08:57:55+09:00,0.55,83,0.11
2026-09-16T09:08:17+09:00,0.55,79,0.12
2026-09-16T09:18:37+09:00,0.55,83,0.13
2026-09-16T09:28:57+09:00,0.55,83,0.12
2026-09-16T09:39:19+09:00,0.55,83,0.13
2026-09-16T09:49:39+09:00,0.55,83,0.11
2026-09-16T09:59:59+09:00,0.55,83,0.11
2026-09-16T10:10:21+09:00,0.55,79,0.12
2026-09-16T10:20:41+09:00,0.52,79,0.13
2026-09-16T10:31:01+09:00,0.55,79,0.15
2026-09-16T10:41:23+09:00,0.52,79,0.14
2026-09-16T10:51:43+09:00,0.55,83,0.14
2026-09-16T11:02:03+09:00,0.55,83,0.42
2026-09-16T11:12:25+09:00,0.52,79,0.64
2026-09-16T11:22:42+09:00,0.55,83,0.69
2026-09-16T11:25:43+09:00,0.52,79,0.58
2026-09-16T11:27:03+09:00,0.52,79,0.53
2026-09-16T11:32:26+09:00,0.52,79,0.42
2026-09-16T11:43:32+09:00,0.55,83,0.26
2026-09-16T11:47:05+09:00,0.52,79,0.21
2026-09-16T11:48:44+09:00,0.52,79,0.2
2026-09-16T11:59:01+09:00,0.52,83,0.14
2026-09-16T12:06:08+09:00,0.55,79,0.13
2026-09-16T12:10:08+09:00,0.55,83,0.13
2026-09-16T12:12:10+09:00,0.55,79,0.12
2026-09-16T12:20:08+09:00,0.55,83,0.1
2026-09-16T12:24:08+09:00,0.55,83,0.09
2026-09-16T12:28:07+09:00,0.55,83,0.09
2026-09-16T12:40:07+09:00,0.55,79,0.09
2026-09-16T12:44:08+09:00,0.55,83,0.09
2026-09-16T12:48:07+09:00,0.55,83,0.09
2026-09-16T12:52:08+09:00,0.52,83,0.09
2026-09-16T12:56:07+09:00,0.55,79,0.09
2026-09-16T12:58:07+09:00,0.52,79,0.09
2026-09-16T12:59:33+09:00,0.55,83,0.09
2026-09-16T13:06:07+09:00,0.55,83,0.09
2026-09-16T13:10:07+09:00,0.55,79,0.1
2026-09-16T13:16:11+09:00,0.55,83,0.11
2026-09-16T13:24:07+09:00,0.55,83,0.1
2026-09-16T13:28:07+09:00,0.55,83,0.1
2026-09-16T13:32:08+09:00,0.55,79,0.1
2026-09-16T13:36:07+09:00,0.55,83,0.09
2026-09-16T13:39:53+09:00,0.55,83,0.08
2026-09-16T13:46:07+09:00,0.55,79,0.07
2026-09-16T13:48:07+09:00,0.55,83,0.07
2026-09-16T13:50:01+09:00,0.55,83,0.07
2026-09-16T13:56:07+09:00,0.55,83,0.07
2026-09-16T13:58:08+09:00,0.55,83,0.07
2026-09-16T14:02:10+09:00,0.55,83,0.07
2026-09-16T14:06:07+09:00,0.55,79,0.07
2026-09-16T14:10:08+09:00,0.55,83,0.07
2026-09-16T14:14:07+09:00,0.55,83,0.07
2026-09-16T14:16:07+09:00,0.55,83,0.07
2026-09-16T14:20:11+09:00,0.55,83,0.07
2026-09-16T14:24:07+09:00,0.55,83,0.07
2026-09-16T14:28:07+09:00,0.55,83,0.08
2026-09-16T14:32:08+09:00,0.55,83,0.08
2026-09-16T14:36:07+09:00,0.55,83,0.07
2026-09-16T14:40:28+09:00,0.55,83,0.07
2026-09-16T14:44:08+09:00,0.55,83,0.07
2026-09-16T13:29:48+09:00,0.55,83,0.1
2026-09-16T14:48:07+09:00,0.55,83,0.07
2026-09-16T14:52:07+09:00,0.52,79,0.07
2026-09-16T14:56:07+09:00,0.55,79,0.06
2026-09-16T15:00:07+09:00,0.55,83,0.07
2026-09-16T15:04:07+09:00,0.55,83,0.06
2026-09-16T15:08:07+09:00,0.55,83,0.06
2026-09-16T15:12:07+09:00,0.55,83,0.06
2026-09-16T15:18:11+09:00,0.55,83,0.06
2026-09-16T15:22:08+09:00,0.55,83,0.06
2026-09-16T15:26:07+09:00,0.55,83,0.06
2026-09-16T15:30:53+09:00,0.55,83,0.07
2026-09-16T15:38:08+09:00,0.55,79,0.07
2026-09-16T15:42:07+09:00,0.55,83,0.07
2026-09-16T15:46:07+09:00,0.55,83,0.08
2026-09-16T15:50:07+09:00,0.55,83,0.09
2026-09-16T15:54:08+09:00,0.52,83,0.09
2026-09-16T15:58:07+09:00,0.55,79,0.09
2026-09-16T16:04:07+09:00,0.55,83,0.1
2026-09-16T16:08:07+09:00,0.55,83,0.11
2026-09-16T16:12:07+09:00,0.55,83,0.12
2026-09-16T16:16:08+09:00,0.55,83,0.13
2026-09-16T16:21:17+09:00,0.55,83,0.16
2026-09-16T16:28:07+09:00,0.55,83,0.2
2026-09-16T16:32:08+09:00,0.55,83,0.22
2026-09-16T16:36:07+09:00,0.55,83,0.24
2026-09-16T16:40:07+09:00,0.55,83,0.24
2026-09-16T16:44:11+09:00,0.55,83,0.24
2026-09-16T16:48:07+09:00,0.55,83,0.26
2026-09-16T16:54:07+09:00,0.52,79,0.28
2026-09-16T16:56:07+09:00,0.55,83,0.3
2026-09-16T17:00:07+09:00,0.55,83,0.35
2026-09-16T17:04:10+09:00,0.52,83,0.35
2026-09-16T17:08:08+09:00,0.55,83,0.33
2026-09-16T17:12:07+09:00,0.55,83,0.3
2026-09-16T17:22:08+09:00,0.55,83,0.24
2026-09-16T17:22:33+09:00,0.55,79,0.24
2026-09-16T17:26:07+09:00,0.55,83,0.24
2026-09-16T17:32:07+09:00,0.52,83,0.26
2026-09-16T17:36:07+09:00,0.52,83,0.26
2026-09-16T17:40:10+09:00,0.55,83,0.28
2026-09-16T17:44:07+09:00,0.55,83,0.28
2026-09-16T17:52:07+09:00,0.55,83,0.31
2026-09-16T17:54:10+09:00,0.55,83,0.3
2026-09-16T17:58:07+09:00,0.55,83,0.3
2026-09-16T18:04:07+09:00,0.55,83,0.32
2026-09-16T18:08:10+09:00,0.55,83,0.31
2026-09-16T18:12:07+09:00,0.55,83,0.3
2026-09-16T18:12:59+09:00,0.55,83,0.31
2026-09-16T18:16:07+09:00,0.55,83,0.32
2026-09-16T18:20:07+09:00,0.55,83,0.34
2026-09-16T18:30:08+09:00,0.52,83,0.34
2026-09-16T18:34:07+09:00,0.55,83,0.34
2026-09-16T18:38:08+09:00,0.55,83,0.32
2026-09-16T18:42:08+09:00,0.55,83,0.28
2026-09-16T18:46:08+09:00,0.55,79,0.25
2026-09-16T18:50:10+09:00,0.55,83,0.22
2026-09-16T18:54:08+09:00,0.55,83,0.19
2026-09-16T18:56:11+09:00,0.52,83,0.19
2026-09-16T19:00:08+09:00,0.55,83,0.18
2026-09-16T19:03:24+09:00,0.55,83,0.17
2026-09-16T19:10:08+09:00,0.55,83,0.15
2026-09-16T19:14:08+09:00,0.55,83,0.14
2026-09-16T19:18:08+09:00,0.55,83,0.14
2026-09-16T19:22:08+09:00,0.55,83,0.13
2026-09-16T19:26:08+09:00,0.55,83,0.13
2026-09-16T19:30:08+09:00,0.55,83,0.12
2026-09-16T19:34:08+09:00,0.55,83,0.11
2026-09-16T19:38:08+09:00,0.55,83,0.11
2026-09-16T19:40:08+09:00,0.55,83,0.11
2026-09-16T19:44:08+09:00,0.55,83,0.11
2026-09-16T19:50:08+09:00,0.52,83,0.1
2026-09-16T19:53:49+09:00,0.52,83,0.1
2026-09-16T19:56:08+09:00,0.55,83,0.1
2026-09-16T19:58:10+09:00,0.55,83,0.1
2026-09-16T20:02:08+09:00,0.55,83,0.1
2026-09-16T20:06:07+09:00,0.55,83,0.1
2026-09-16T20:10:10+09:00,0.55,83,0.1
2026-09-16T20:14:00+09:00,0.55,83,0.1
2026-09-16T19:02:08+09:00,0.55,83,0.17
2026-09-16T19:06:10+09:00,0.55,83,0.16
2026-09-16T20:20:08+09:00,0.55,83,0.1
2026-09-16T20:24:08+09:00,0.55,83,0.1
2026-09-16T20:28:08+09:00,0.55,83,0.1
2026-09-16T20:30:10+09:00,0.55,83,0.1
2026-09-16T20:34:08+09:00,0.55,83,0.1
2026-09-16T20:38:08+09:00,0.55,83,0.09
2026-09-16T20:42:08+09:00,0.55,83,0.09
2026-09-16T20:46:09+09:00,0.55,83,0.09
2026-09-16T20:50:08+09:00,0.55,83,0.09
2026-09-16T20:54:08+09:00,0.55,83,0.09
2026-09-16T20:58:08+09:00,0.55,83,0.09
2026-09-16T21:02:08+09:00,0.55,83,0.09
2026-09-16T21:08:08+09:00,0.55,83,0.08
2026-09-16T21:14:08+09:00,0.55,83,0.08
2026-09-16T21:20:11+09:00,0.55,83,0.08
2026-09-16T20:16:08+09:00,0.55,83,0.1
2026-09-16T21:24:09+09:00,0.55,83,0.08
2026-09-16T21:28:08+09:00,0.55,83,0.08
2026-09-16T21:34:10+09:00,0.55,83,0.08
2026-09-16T21:38:09+09:00,0.55,83,0.08
2026-09-16T21:42:09+09:00,0.55,83,0.08
2026-09-16T21:46:08+09:00,0.55,83,0.08
2026-09-16T21:50:09+09:00,0.55,83,0.08
2026-09-16T21:54:09+09:00,0.55,83,0.08
2026-09-16T21:58:09+09:00,0.55,83,0.07
2026-09-16T22:02:09+09:00,0.55,83,0.07
2026-09-16T22:06:08+09:00,0.55,83,0.07
2026-09-16T22:10:09+09:00,0.55,83,0.07
2026-09-16T22:14:09+09:00,0.55,83,0.07
2026-09-16T22:18:09+09:00,0.55,83,0.07
2026-09-16T22:22:09+09:00,0.55,83,0.07
2026-09-16T22:26:09+09:00,0.55,83,0.07
2026-09-16T22:32:08+09:00,0.55,83,0.07
2026-09-16T22:36:08+09:00,0.55,83,0.07
2026-09-16T22:40:08+09:00,0.55,83,0.08
2026-09-16T22:46:08+09:00,0.55,83,0.08
2026-09-16T22:50:08+09:00,0.55,83,0.09
2026-09-16T22:54:08+09:00,0.55,83,0.09
2026-09-16T22:55:21+09:00,0.55,83,0.09
2026-09-16T22:58:08+09:00,0.55,83,0.1
2026-09-16T23:04:08+09:00,0.55,83,0.11
2026-09-16T23:08:08+09:00,0.55,83,0.12
2026-09-16T23:12:10+09:00,0.55,83,0.12
2026-09-16T23:16:08+09:00,0.55,83,0.12
2026-09-16T23:20:08+09:00,0.55,83,0.12
2026-09-16T23:24:08+09:00,0.55,83,0.12
2026-09-16T23:28:08+09:00,0.55,83,0.11
2026-09-16T23:32:08+09:00,0.55,83,0.11
2026-09-16T23:36:08+09:00,0.55,83,0.1
2026-09-16T23:42:08+09:00,0.55,83,0.09
2026-09-16T23:46:09+09:00,0.55,83,0.09
2026-09-16T23:50:08+09:00,0.55,83,0.09
2026-09-16T23:54:08+09:00,0.55,83,0.08
2026-09-16T23:58:07+09:00,0.55,83,0.08
2026-09-17T00:00:03+09:00,0.55,83,0.08
2026-09-17T00:10:25+09:00,0.55,83,0.08
2026-09-17T00:20:45+09:00,0.55,83,0.09
2026-09-17T00:41:27+09:00,0.55,83,0.08
2026-09-17T00:51:47+09:00,0.55,83,0.07
2026-09-17T01:02:09+09:00,0.55,83,0.07
2026-09-17T01:12:29+09:00,0.55,83,0.08
2026-09-17T01:22:49+09:00,0.55,83,0.1
2026-09-17T01:33:11+09:00,0.55,83,0.1
2026-09-17T01:43:31+09:00,0.55,83,0.13
2026-09-17T01:53:51+09:00,0.55,83,0.19
2026-09-17T02:04:13+09:00,0.55,83,0.18
2026-09-17T02:14:33+09:00,0.55,83,0.14
2026-09-17T02:24:53+09:00,0.55,83,0.11
2026-09-17T02:35:15+09:00,0.55,83,0.1
2026-09-17T02:45:35+09:00,0.55,83,0.08
2026-09-17T02:55:55+09:00,0.55,83,0.07
2026-09-17T03:06:17+09:00,0.55,83,0.06
2026-09-17T03:16:37+09:00,0.55,83,0.06
2026-09-17T03:26:57+09:00,0.55,83,0
2026-09-17T03:37:19+09:00,0.55,83,0
2026-09-17T03:47:39+09:00,0.55,83,0
2026-09-17T03:57:59+09:00,0.55,83,0
2026-09-17T04:08:21+09:00,0.55,83,0
2026-09-17T04:18:41+09:00,0.55,83,0
2026-09-17T04:29:01+09:00,0.55,83,0
2026-09-17T04:39:23+09:00,0.55,83,0
2026-09-17T04:49:43+09:00,0.55,83,0
2026-09-17T05:00:03+09:00,0.55,83,0
2026-09-17T05:10:25+09:00,0.55,83,0.08
2026-09-17T05:20:45+09:00,0.55,83,0.07
2026-09-17T05:31:05+09:00,0.55,83,0
2026-09-17T05:41:27+09:00,0.55,83,0.1
2026-09-17T05:51:47+09:00,0.55,83,0.07
2026-09-17T06:02:09+09:00,0.55,83,0.06
2026-09-17T06:12:29+09:00,0.55,83,0.09
2026-09-17T06:22:49+09:00,0.55,83,0.07
2026-09-17T06:33:11+09:00,0.55,83,0.07
2026-09-17T06:43:31+09:00,0.55,83,0.09
2026-09-17T06:53:51+09:00,0.55,83,0.07
2026-09-17T07:04:13+09:00,0.55,83,0.07
2026-09-17T07:14:33+09:00,0.55,83,0.06
2026-09-17T07:24:53+09:00,0.55,83,0.06
2026-09-17T07:35:15+09:00,0.55,83,0.06
2026-09-17T07:45:35+09:00,0.55,83,0.07
2026-09-17T07:55:55+09:00,0.55,83,0.07
2026-09-17T08:06:17+09:00,0.55,83,0.07
2026-09-17T08:16:37+09:00,0.55,83,0.08
2026-09-17T08:26:57+09:00,0.55,83,0.08
2026-09-17T08:37:19+09:00,0.55,83,0.1
2026-09-17T08:47:39+09:00,0.55,83,0.1
2026-09-17T08:57:59+09:00,0.55,83,0.09
2026-09-17T09:08:21+09:00,0.55,83,0.08
2026-09-17T09:18:41+09:00,0.55,83,0.09
2026-09-17T09:29:01+09:00,0.55,83,0.08
2026-09-17T09:39:23+09:00,0.55,83,0.08
2026-09-17T09:49:43+09:00,0.55,83,0.07
2026-09-17T10:00:03+09:00,0.55,83,0.07
2026-09-17T10:10:25+09:00,0.55,83,0.06
2026-09-17T10:20:45+09:00,0.55,83,0.06
2026-09-17T10:31:05+09:00,0.55,83,0.06
2026-09-17T10:41:27+09:00,0.55,83,0.07
2026-09-17T10:51:47+09:00,0.55,83,0.06
2026-09-17T11:02:09+09:00,0.55,83,0.06
2026-09-17T11:12:29+09:00,0.55,83,0.06
2026-09-17T11:22:49+09:00,0.55,83,0.06
2026-09-17T11:33:11+09:00,0.55,83,0
2026-09-17T11:43:31+09:00,0.55,83,0
2026-09-17T11:53:51+09:00,0.55,83,0
2026-09-17T12:04:13+09:00,0.55,83,0.06
2026-09-17T12:14:33+09:00,0.55,83,0.06
2026-09-17T12:24:53+09:00,0.55,83,0.06
2026-09-17T12:35:15+09:00,0.55,83,0
2026-09-17T12:45:35+09:00,0.55,83,0.06
2026-09-17T12:55:55+09:00,0.55,83,0.06
2026-09-17T13:06:17+09:00,0.55,83,0.07
2026-09-17T13:16:37+09:00,0.55,83,0.07
2026-09-17T13:26:57+09:00,0.55,83,0.07
2026-09-17T13:37:19+09:00,0.55,83,0.06
2026-09-17T13:47:39+09:00,0.55,83,0.06
2026-09-17T13:57:59+09:00,0.55,83,0
2026-09-17T14:08:21+09:00,0.55,83,0
2026-09-17T14:18:41+09:00,0.55,83,0.06
2026-09-17T14:29:01+09:00,0.55,83,0.06
2026-09-17T14:39:23+09:00,0.55,83,0.06
2026-09-17T14:49:43+09:00,0.55,83,0
2026-09-17T15:00:03+09:00,0.55,83,0.06
2026-09-17T15:10:25+09:00,0.55,83,0.06
2026-09-17T15:20:45+09:00,0.55,83,0.06
2026-09-17T15:41:27+09:00,0.55,83,0
2026-09-17T15:51:47+09:00,0.55,83,0
2026-09-17T16:02:09+09:00,0.55,83,0
2026-09-17T16:12:32+09:00,0.55,83,0.06
2026-09-17T16:22:52+09:00,0.55,83,0
2026-09-17T16:33:14+09:00,0.55,83,0
2026-09-17T16:43:34+09:00,0.55,83,0
2026-09-17T16:53:54+09:00,0.55,83,0
2026-09-17T17:04:16+09:00,0.55,83,0
2026-09-17T17:14:36+09:00,0.55,83,0
2026-09-17T17:24:56+09:00,0.55,83,0
2026-09-17T17:35:18+09:00,0.55,83,0
2026-09-17T17:45:38+09:00,0.55,83,0
2026-09-17T17:55:58+09:00,0.55,83,0.06
2026-09-17T18:06:20+09:00,0.55,83,0.06
2026-09-17T18:16:40+09:00,0.55,83,0.06
2026-09-17T18:27:00+09:00,0.55,83,0.06
2026-09-17T18:37:22+09:00,0.55,83,0.06
2026-09-17T18:47:42+09:00,0.55,83,0.07
2026-09-17T18:58:02+09:00,0.55,83,0.06
2026-09-17T19:08:24+09:00,0.55,83,0.07
2026-09-17T19:18:44+09:00,0.55,83,0.07
2026-09-17T19:29:04+09:00,0.55,83,0.07
2026-09-17T19:39:26+09:00,0.55,83,0.07
2026-09-17T19:49:46+09:00,0.55,83,0.07
2026-09-17T20:00:08+09:00,0.55,83,0.07
2026-09-17T20:10:28+09:00,0.55,83,0.07
2026-09-17T20:20:48+09:00,0.55,83,0.07
2026-09-17T20:31:10+09:00,0.55,83,0.07
2026-09-17T20:41:30+09:00,0.55,83,0.08
2026-09-17T20:51:50+09:00,0.55,83,0.08
2026-09-17T21:02:12+09:00,0.55,83,0.08
2026-09-17T21:12:32+09:00,0.55,83,0.09
2026-09-17T21:22:52+09:00,0.55,83,0.08
2026-09-17T21:33:14+09:00,0.55,83,0.08
2026-09-17T21:43:34+09:00,0.55,83,0.08
2026-09-17T21:53:54+09:00,0.55,83,0.08
2026-09-17T22:04:16+09:00,0.55,83,0.08
2026-09-17T22:14:36+09:00,0.55,83,0.08
2026-09-17T22:24:56+09:00,0.55,83,0.08
2026-09-17T22:35:18+09:00,0.55,83,0.08
2026-09-17T22:45:38+09:00,0.55,83,0.08
2026-09-17T22:55:58+09:00,0.55,83,0.08
2026-09-17T23:06:20+09:00,0.55,83,0.08
2026-09-17T23:16:40+09:00,0.55,83,0.08
2026-09-17T23:27:00+09:00,0.55,83,0.08
2026-09-17T23:37:22+09:00,0.55,83,0.08
2026-09-17T23:47:42+09:00,0.55,83,0.08
2026-09-17T23:58:02+09:00,0.55,83,0.07
2026-09-18T00:10:24+09:00,0.55,83,0.07
2026-09-18T00:20:44+09:00,0.55,83,0.07
2026-09-18T00:31:04+09:00,0.55,83,0.07
2026-09-18T00:41:26+09:00,0.55,83,0.07
2026-09-18T00:51:46+09:00,0.55,83,0.06
2026-09-18T01:02:08+09:00,0.55,83,0.06
2026-09-18T01:12:29+09:00,0.55,83,0.06
2026-09-18T01:22:48+09:00,0.55,83,0.06
2026-09-18T01:33:10+09:00,0.55,83,0
2026-09-18T01:43:30+09:00,0.55,83,0
2026-09-18T01:53:50+09:00,0.55,83,0
2026-09-18T02:04:12+09:00,0.55,83,0
2026-09-18T02:14:32+09:00,0.55,83,0
2026-09-18T02:24:52+09:00,0.55,83,0
2026-09-18T02:35:14+09:00,0.55,83,0
2026-09-18T02:45:34+09:00,0.55,83,0
2026-09-18T02:55:54+09:00,0.55,83,0
2026-09-18T03:06:16+09:00,0.55,83,0
2026-09-18T03:16:36+09:00,0.55,83,0
2026-09-18T03:26:56+09:00,0.55,83,0
2026-09-18T03:37:18+09:00,0.55,83,0
2026-09-18T03:47:38+09:00,0.55,83,0
2026-09-18T03:57:58+09:00,0.55,83,0
2026-09-18T04:08:20+09:00,0.55,83,0
2026-09-18T04:18:40+09:00,0.55,83,0
2026-09-18T04:29:00+09:00,0.55,83,0
2026-09-18T04:39:22+09:00,0.55,83,0
2026-09-18T04:49:42+09:00,0.55,83,0
2026-09-18T05:00:02+09:00,0.55,83,0
2026-09-18T05:10:24+09:00,0.55,83,0.07
2026-09-18T05:20:44+09:00,0.55,83,0.08
2026-09-18T05:31:04+09:00,0.55,83,0.06
2026-09-18T05:41:26+09:00,0.55,83,0.12
2026-09-18T05:51:46+09:00,0.55,83,0.1
2026-09-18T06:02:08+09:00,0.55,83,0.07
2026-09-18T06:12:28+09:00,0.55,83,0.11
2026-09-18T06:22:48+09:00,0.55,83,0.09
2026-09-18T06:33:10+09:00,0.55,83,0.08
2026-09-18T06:43:30+09:00,0.55,83,0.12
2026-09-18T06:53:50+09:00,0.55,83,0.1
2026-09-18T07:04:13+09:00,0.55,83,0.08
2026-09-18T07:14:36+09:00,0.55,83,0.08
2026-09-18T07:24:56+09:00,0.55,83,0.08
2026-09-18T07:35:18+09:00,0.55,83,0.07
2026-09-18T07:45:37+09:00,0.55,83,0.09
2026-09-18T07:55:58+09:00,0.55,83,0.09
2026-09-18T08:06:20+09:00,0.55,83,0.09
2026-09-18T08:16:40+09:00,0.55,83,0.09
2026-09-18T08:27:00+09:00,0.55,83,0.09
2026-09-18T08:37:22+09:00,0.55,83,0.09
2026-09-18T08:47:42+09:00,0.55,83,0.09
2026-09-18T08:58:02+09:00,0.55,83,0.09
2026-09-18T09:08:24+09:00,0.55,83,0.09
2026-09-18T09:18:44+09:00,0.55,83,0.09
2026-09-18T09:29:04+09:00,0.55,83,0.09
2026-09-18T09:39:26+09:00,0.55,83,0.08
2026-09-18T09:49:46+09:00,0.55,83,0.08
2026-09-18T10:00:08+09:00,0.55,83,0.08
2026-09-18T10:10:28+09:00,0.55,83,0.09
2026-09-18T10:20:48+09:00,0.55,83,0.08
2026-09-18T10:31:10+09:00,0.55,83,0.07
2026-09-18T10:41:30+09:00,0.55,83,0.07
2026-09-18T10:51:50+09:00,0.55,83,0.07
2026-09-18T11:02:12+09:00,0.55,83,0.07
2026-09-18T11:12:32+09:00,0.55,83,0.07
2026-09-18T11:22:52+09:00,0.55,83,0.07
2026-09-18T11:33:14+09:00,0.55,83,0.07
2026-09-18T11:43:34+09:00,0.55,83,0.07
2026-09-18T11:53:54+09:00,0.55,83,0.06
2026-09-18T12:04:16+09:00,0.55,83,0.06
2026-09-18T12:14:36+09:00,0.55,83,0.07
2026-09-18T12:24:56+09:00,0.55,83,0.07
2026-09-18T12:35:18+09:00,0.55,83,0.07
2026-09-18T12:45:38+09:00,0.55,83,0.07
2026-09-18T12:55:58+09:00,0.55,83,0.07
2026-09-18T13:06:20+09:00,0.55,83,0.07
2026-09-18T13:16:40+09:00,0.55,83,0.09
2026-09-18T13:27:00+09:00,0.55,83,0.09
2026-09-18T13:37:22+09:00,0.55,83,0.08
2026-09-18T13:47:42+09:00,0.55,83,0.07
2026-09-18T13:58:02+09:00,0.55,83,0.07
2026-09-18T14:08:24+09:00,0.55,83,0.06
2026-09-18T14:18:44+09:00,0.55,83,0.07
2026-09-18T14:29:04+09:00,0.55,83,0.07
2026-09-18T14:39:26+09:00,0.55,83,0.07
2026-09-18T14:49:46+09:00,0.55,83,0.06
2026-09-18T15:00:08+09:00,0.55,83,0.06
2026-09-18T15:10:28+09:00,0.55,83,0.06
2026-09-18T15:20:48+09:00,0.55,83,0.07
2026-09-18T15:31:10+09:00,0.55,83,0.07
2026-09-18T15:41:29+09:00,0.55,83,0.06
2026-09-18T15:51:49+09:00,0.55,83,0.06
2026-09-18T16:02:11+09:00,0.55,83,0.06
2026-09-18T16:12:34+09:00,0.55,83,0.06
2026-09-18T16:22:54+09:00,0.55,83,0.06
2026-09-18T16:33:16+09:00,0.55,83,0.07
2026-09-18T16:43:36+09:00,0.55,83,0.06
2026-09-18T16:53:56+09:00,0.55,83,0.07
2026-09-18T17:04:18+09:00,0.55,83,0.06
2026-09-18T17:14:38+09:00,0.55,83,0.06
2026-09-18T17:24:58+09:00,0.55,83,0.06
2026-09-18T17:35:20+09:00,0.55,83,0.06
2026-09-18T17:45:40+09:00,0.55,83,0.06
2026-09-18T17:56:00+09:00,0.55,83,0.06
2026-09-18T18:06:22+09:00,0.55,83,0.06
2026-09-18T18:16:42+09:00,0.55,83,0.06
2026-09-18T18:27:02+09:00,0.55,83,0.07
2026-09-18T18:37:24+09:00,0.55,83,0.07
2026-09-18T18:47:44+09:00,0.55,83,0.07
2026-09-18T18:58:04+09:00,0.55,83,0.07
2026-09-18T19:08:26+09:00,0.55,83,0.07
2026-09-18T19:18:46+09:00,0.55,83,0.07
2026-09-18T19:29:08+09:00,0.55,83,0.07
2026-09-18T19:39:28+09:00,0.55,83,0.08
2026-09-18T19:49:48+09:00,0.55,83,0.08
2026-09-18T20:00:10+09:00,0.55,83,0.07
2026-09-18T20:10:30+09:00,0.55,83,0.07
2026-09-18T20:20:50+09:00,0.55,83,0.07
2026-09-18T20:31:12+09:00,0.55,83,0.07
2026-09-18T20:41:32+09:00,0.55,83,0.08
2026-09-18T20:51:52+09:00,0.55,83,0.08
2026-09-18T21:02:14+09:00,0.55,83,0.08
2026-09-18T21:12:34+09:00,0.55,83,0.09
2026-09-18T21:22:54+09:00,0.55,83,0.08
2026-09-18T21:33:16+09:00,0.55,83,0.08
2026-09-18T21:43:36+09:00,0.55,83,0.08
2026-09-18T21:53:56+09:00,0.55,83,0.08
2026-09-18T22:04:18+09:00,0.55,83,0.08
2026-09-18T22:14:38+09:00,0.55,83,0.08
2026-09-18T22:24:58+09:00,0.55,83,0.08
2026-09-18T22:35:20+09:00,0.55,83,0.08
2026-09-18T22:45:40+09:00,0.55,83,0.08
2026-09-18T22:56:00+09:00,0.55,83,0.08
2026-09-18T23:06:22+09:00,0.55,83,0.08
2026-09-18T23:16:42+09:00,0.55,83,0.08
2026-09-18T23:27:02+09:00,0.55,83,0.08
2026-09-18T23:37:24+09:00,0.55,83,0.08
2026-09-18T23:47:44+09:00,0.55,83,0.07
2026-09-18T23:58:04+09:00,0.55,83,0.07
2026-09-19T00:10:21+09:00,0.55,83,0.07
2026-09-19T00:20:41+09:00,0.55,83,0.08
2026-09-19T00:31:01+09:00,0.55,83,0.07
2026-09-19T00:41:23+09:00,0.55,83,0.07
2026-09-19T00:51:43+09:00,0.55,83,0.07
2026-09-19T01:02:03+09:00,0.55,83,0.07
2026-09-19T01:12:25+09:00,0.55,83,0.07
2026-09-19T01:22:45+09:00,0.55,83,0.06
2026-09-19T01:33:05+09:00,0.55,83,0.06
2026-09-19T01:43:27+09:00,0.55,83,0.06
2026-09-19T01:53:47+09:00,0.55,83,0
2026-09-19T02:04:09+09:00,0.55,83,0
2026-09-19T02:14:29+09:00,0.55,83,0
2026-09-19T02:24:49+09:00,0.55,83,0
2026-09-19T02:35:11+09:00,0.55,83,0
2026-09-19T02:45:31+09:00,0.55,83,0
2026-09-19T02:55:51+09:00,0.55,83,0
2026-09-19T03:06:13+09:00,0.55,83,0
2026-09-19T03:16:33+09:00,0.55,83,0
2026-09-19T03:26:53+09:00,0.55,83,0
2026-09-19T03:37:15+09:00,0.55,83,0
2026-09-19T03:47:35+09:00,0.55,83,0
2026-09-19T03:57:55+09:00,0.55,83,0
2026-09-19T04:08:17+09:00,0.55,83,0
2026-09-19T04:18:37+09:00,0.55,83,0
2026-09-19T04:28:57+09:00,0.55,83,0
2026-09-19T04:39:19+09:00,0.55,83,0
2026-09-19T04:49:39+09:00,0.55,83,0
2026-09-19T04:59:59+09:00,0.55,83,0
2026-09-19T05:10:21+09:00,0.55,83,0.07
2026-09-19T05:20:41+09:00,0.55,83,0.08
2026-09-19T05:31:01+09:00,0.55,83,0.06
2026-09-19T05:41:23+09:00,0.55,83,0.11
2026-09-19T05:51:43+09:00,0.55,83,0.09
2026-09-19T06:02:03+09:00,0.55,83,0.06
2026-09-19T06:12:25+09:00,0.55,83,0.1
2026-09-19T06:22:45+09:00,0.55,83,0.09
2026-09-19T06:43:27+09:00,0.55,83,0.12
2026-09-19T06:53:47+09:00,0.55,83,0.09
2026-09-19T07:04:09+09:00,0.55,83,0.07
2026-09-19T07:14:29+09:00,0.55,83,0.06
2026-09-19T07:24:49+09:00,0.55,83,0.06
2026-09-19T07:35:11+09:00,0.55,83,0.06
2026-09-19T07:45:31+09:00,0.55,83,0.06
2026-09-19T07:55:51+09:00,0.55,83,0.07
2026-09-19T08:06:13+09:00,0.55,83,0.07
2026-09-19T08:16:33+09:00,0.55,83,0.07
2026-09-19T08:26:53+09:00,0.55,83,0.08
2026-09-19T08:37:15+09:00,0.55,83,0.09
2026-09-19T08:47:35+09:00,0.55,83,0.09
2026-09-19T08:57:55+09:00,0.55,83,0.08
2026-09-19T09:08:17+09:00,0.55,83,0.07
2026-09-19T09:18:37+09:00,0.55,83,0.07
2026-09-19T09:28:57+09:00,0.55,83,0.08
2026-09-19T09:39:19+09:00,0.55,83,0.07
2026-09-19T09:49:39+09:00,0.55,83,0.08
2026-09-19T09:59:59+09:00,0.55,83,0.07
2026-09-19T10:10:21+09:00,0.55,83,0.07
2026-09-19T10:20:41+09:00,0.55,83,0.07
2026-09-19T10:31:01+09:00,0.55,83,0.07
2026-09-19T10:41:23+09:00,0.55,83,0.07
2026-09-19T10:51:43+09:00,0.55,83,0.07
2026-09-19T11:02:03+09:00,0.55,83,0.06
2026-09-19T11:12:25+09:00,0.55,83,0.06
2026-09-19T11:22:45+09:00,0.55,83,0.06
2026-09-19T11:33:05+09:00,0.55,83,0.06
2026-09-19T11:43:27+09:00,0.55,83,0.06
2026-09-19T11:53:47+09:00,0.55,83,0.06
2026-09-19T12:04:09+09:00,0.55,83,0.06
2026-09-19T12:14:32+09:00,0.55,83,0.06
2026-09-19T12:24:52+09:00,0.55,83,0.12
2026-09-19T12:35:14+09:00,0.55,83,0.16
2026-09-19T12:45:34+09:00,0.55,83,0.17
2026-09-19T12:55:54+09:00,0.55,83,0.13
2026-09-19T13:06:16+09:00,0.55,83,0.1
2026-09-19T13:16:36+09:00,0.55,83,0.09
2026-09-19T13:26:56+09:00,0.55,83,0.08
2026-09-19T13:37:18+09:00,0.55,83,0.07
2026-09-19T13:47:38+09:00,0.55,83,0.07
2026-09-19T13:57:58+09:00,0.55,83,0.07
2026-09-19T14:08:20+09:00,0.55,83,0.07
2026-09-19T14:18:40+09:00,0.55,83,0.09
2026-09-19T14:29:00+09:00,0.55,83,0.13
2026-09-19T14:39:22+09:00,0.55,83,0.12
2026-09-19T14:49:42+09:00,0.55,83,0.1
2026-09-19T15:00:02+09:00,0.55,83,0.07
2026-09-19T15:10:24+09:00,0.55,83,0.06
2026-09-19T15:20:44+09:00,0.55,83,0.06
2026-09-19T15:31:04+09:00,0.55,83,0.07
2026-09-19T15:41:26+09:00,0.55,83,0.06
2026-09-19T15:51:46+09:00,0.55,83,0.06
2026-09-19T16:02:08+09:00,0.55,83,0.06
2026-09-19T16:12:29+09:00,0.55,83,0
2026-09-19T16:22:49+09:00,0.55,83,0
2026-09-19T16:33:11+09:00,0.55,83,0
2026-09-19T16:43:31+09:00,0.55,83,0
2026-09-19T16:53:51+09:00,0.55,83,0
2026-09-19T17:04:13+09:00,0.55,83,0
2026-09-19T17:14:33+09:00,0.55,83,0
2026-09-19T17:24:53+09:00,0.55,83,0
2026-09-19T17:35:15+09:00,0.55,83,0
2026-09-19T17:45:35+09:00,0.55,83,0
2026-09-19T17:55:55+09:00,0.55,83,0.06
2026-09-19T18:06:17+09:00,0.55,83,0.06
2026-09-19T18:16:37+09:00,0.55,83,0.06
2026-09-19T18:26:57+09:00,0.55,83,0.06
2026-09-19T18:37:19+09:00,0.55,83,0.07
2026-09-19T18:47:39+09:00,0.55,83,0.06
2026-09-19T18:57:59+09:00,0.55,83,0.06
2026-09-19T19:08:21+09:00,0.55,83,0.06
2026-09-19T19:18:41+09:00,0.55,83,0.06
2026-09-19T19:29:01+09:00,0.55,83,0.06
2026-09-19T19:39:23+09:00,0.55,83,0.06
2026-09-19T19:49:43+09:00,0.55,83,0.06
2026-09-19T20:00:03+09:00,0.55,83,0.06
2026-09-19T20:10:25+09:00,0.55,83,0.06
2026-09-19T20:20:45+09:00,0.55,83,0.06
2026-09-19T20:31:05+09:00,0.55,83,0.06
2026-09-19T20:41:27+09:00,0.55,83,0.07
2026-09-19T20:51:47+09:00,0.55,83,0.07
2026-09-19T21:02:09+09:00,0.55,83,0.07
2026-09-19T21:12:29+09:00,0.55,83,0.07
2026-09-19T21:22:49+09:00,0.55,83,0.07
2026-09-19T21:33:11+09:00,0.55,83,0.07
2026-09-19T21:43:31+09:00,0.55,83,0.07
2026-09-19T21:53:51+09:00,0.55,83,0.07
2026-09-19T22:04:13+09:00,0.55,83,0.07
2026-09-19T22:14:33+09:00,0.55,83,0.07
2026-09-19T22:24:53+09:00,0.55,83,0.07
2026-09-19T22:35:15+09:00,0.55,83,0.07
2026-09-19T22:45:35+09:00,0.55,83,0.07
2026-09-19T22:55:55+09:00,0.55,83,0.07
2026-09-19T23:06:17+09:00,0.55,83,0.07
2026-09-19T23:16:37+09:00,0.55,83,0.07
2026-09-19T23:26:57+09:00,0.55,83,0.07
2026-09-19T23:37:19+09:00,0.55,83,0.07
2026-09-19T23:47:39+09:00,0.55,83,0.06
2026-09-19T23:57:59+09:00,0.55,83,0.06
2026-09-20T00:10:21+09:00,0.55,83,0.06
2026-09-20T00:20:41+09:00,0.55,83,0.07
2026-09-20T00:31:01+09:00,0.55,83,0.06
2026-09-20T00:41:23+09:00,0.55,83,0.06
2026-09-20T00:51:43+09:00,0.55,83,0
2026-09-20T01:02:03+09:00,0.55,83,0
2026-09-20T01:12:25+09:00,0.55,83,0
2026-09-20T01:22:45+09:00,0.55,83,0
2026-09-20T01:43:27+09:00,0.55,83,0
2026-09-20T01:53:47+09:00,0.55,83,0
2026-09-20T02:04:09+09:00,0.55,83,0
2026-09-20T02:14:29+09:00,0.55,83,0
2026-09-20T02:24:49+09:00,0.55,83,0
2026-09-20T02:35:11+09:00,0.55,83,0
2026-09-20T02:45:31+09:00,0.55,83,0
2026-09-20T02:55:51+09:00,0.55,83,0
2026-09-20T03:06:13+09:00,0.55,83,0
2026-09-20T03:16:33+09:00,0.55,83,0
2026-09-20T03:26:53+09:00,0.55,83,0
2026-09-20T03:37:15+09:00,0.55,83,0
2026-09-20T03:47:35+09:00,0.55,83,0
2026-09-20T03:57:55+09:00,0.55,83,0
2026-09-20T04:08:17+09:00,0.55,83,0
2026-09-20T04:18:37+09:00,0.55,83,0
2026-09-20T04:28:57+09:00,0.55,83,0
2026-09-20T04:39:19+09:00,0.55,83,0
2026-09-20T04:49:39+09:00,0.55,83,0
2026-09-20T04:59:59+09:00,0.55,83,0
2026-09-20T05:10:21+09:00,0.55,83,0.07
2026-09-20T05:20:41+09:00,0.55,83,0.07
2026-09-20T05:31:01+09:00,0.55,83,0
2026-09-20T05:41:23+09:00,0.55,83,0.1
2026-09-20T05:51:43+09:00,0.55,83,0.08
2026-09-20T06:02:03+09:00,0.55,83,0
2026-09-20T06:12:26+09:00,0.55,83,0.09
2026-09-20T06:22:46+09:00,0.55,83,0.07
2026-09-20T06:33:06+09:00,0.55,83,0
2026-09-20T06:43:27+09:00,0.55,83,0.1
2026-09-20T06:53:48+09:00,0.55,83,0.07
2026-09-20T07:04:10+09:00,0.55,83,0
2026-09-20T07:14:30+09:00,0.55,83,0
2026-09-20T07:24:50+09:00,0.55,83,0
2026-09-20T07:35:12+09:00,0.55,83,0
2026-09-20T07:45:32+09:00,0.55,83,0
2026-09-20T07:55:52+09:00,0.55,83,0
2026-09-20T08:06:14+09:00,0.55,83,0
2026-09-20T08:16:34+09:00,0.55,83,0.07
2026-09-20T08:26:54+09:00,0.55,83,0.09
2026-09-20T08:37:19+09:00,0.55,83,0.13
2026-09-20T08:47:39+09:00,0.55,83,0.14
2026-09-20T08:57:59+09:00,0.55,83,0.12
2026-09-20T09:08:21+09:00,0.55,83,0.11
2026-09-20T09:18:41+09:00,0.55,83,0.1
2026-09-20T09:29:01+09:00,0.55,83,0.1
2026-09-20T09:39:23+09:00,0.55,83,0.09
2026-09-20T09:49:43+09:00,0.55,83,0.12
2026-09-20T10:00:03+09:00,0.55,83,0.14
2026-09-20T10:10:25+09:00,0.55,83,0.14
2026-09-20T10:20:45+09:00,0.55,83,0.13
2026-09-20T10:41:27+09:00,0.55,83,0.1
2026-09-20T10:51:47+09:00,0.55,83,0.09
2026-09-20T11:02:09+09:00,0.55,83,0.09
2026-09-20T11:12:29+09:00,0.55,83,0.08
2026-09-20T11:22:49+09:00,0.55,83,0.09
2026-09-20T11:33:11+09:00,0.55,83,0.1
2026-09-20T11:43:31+09:00,0.55,83,0.09
2026-09-20T11:53:51+09:00,0.55,83,0.08
2026-09-20T12:04:13+09:00,0.55,83,0.07
2026-09-20T12:14:33+09:00,0.55,83,0.07
2026-09-20T12:24:53+09:00,0.55,83,0.08
2026-09-20T12:35:15+09:00,0.55,83,0.08
2026-09-20T12:45:35+09:00,0.55,83,0.07
2026-09-20T12:55:55+09:00,0.55,83,0.07
2026-09-20T13:06:17+09:00,0.55,83,0.06
2026-09-20T13:16:37+09:00,0.55,83,0.06
2026-09-20T13:26:57+09:00,0.55,83,0
2026-09-20T13:37:19+09:00,0.55,83,0
2026-09-20T13:47:39+09:00,0.55,83,0
2026-09-20T13:57:59+09:00,0.55,83,0
2026-09-20T14:08:21+09:00,0.55,83,0
2026-09-20T14:18:41+09:00,0.55,83,0
2026-09-20T14:29:01+09:00,0.55,83,0.06
2026-09-20T14:39:23+09:00,0.55,83,0.07
2026-09-20T14:49:43+09:00,0.55,83,0.07
2026-09-20T15:00:03+09:00,0.55,83,0.08
2026-09-20T15:10:25+09:00,0.55,83,0.07
2026-09-20T15:20:45+09:00,0.55,83,0.08
2026-09-20T15:41:27+09:00,0.55,83,0.09
2026-09-20T15:51:45+09:00,0.55,83,0.1
2026-09-20T16:02:05+09:00,0.55,83,0.11
2026-09-20T16:12:27+09:00,0.55,83,0.14
2026-09-20T16:22:47+09:00,0.55,83,0.22
2026-09-20T16:33:09+09:00,0.55,83,0.27
2026-09-20T16:43:29+09:00,0.55,83,0.22
2026-09-20T16:53:49+09:00,0.55,83,0.2
2026-09-20T17:04:11+09:00,0.55,83,0.19
2026-09-20T17:14:31+09:00,0.55,83,0.22
2026-09-20T17:24:51+09:00,0.55,83,0.22
2026-09-20T17:35:13+09:00,0.55,83,0.2
2026-09-20T17:45:33+09:00,0.55,83,0.19
2026-09-20T17:55:53+09:00,0.55,83,0.18
2026-09-20T18:06:15+09:00,0.55,83,0.17
2026-09-20T18:16:35+09:00,0.55,83,0.15
2026-09-20T18:26:55+09:00,0.55,83,0.13
2026-09-20T18:37:17+09:00,0.55,83,0.11
2026-09-20T18:47:37+09:00,0.55,83,0.1
2026-09-20T18:57:57+09:00,0.55,83,0.12
2026-09-20T19:08:19+09:00,0.55,83,0.19
2026-09-20T19:18:39+09:00,0.55,83,0.26
2026-09-20T19:28:59+09:00,0.55,83,0.32
2026-09-20T19:39:21+09:00,0.55,83,0.32
2026-09-20T19:49:41+09:00,0.55,83,0.3
2026-09-20T20:00:01+09:00,0.55,83,0.42
2026-09-20T20:10:23+09:00,0.55,83,0.4
2026-09-20T20:20:43+09:00,0.55,83,0.38
2026-09-20T20:31:03+09:00,0.55,83,0.39
2026-09-20T20:41:25+09:00,0.55,83,0.47
2026-09-20T20:51:43+09:00,0.55,83,0.72
2026-09-20T20:55:25+09:00,0.55,83,0.8
2026-09-20T20:55:44+09:00,0.55,83,0.78
2026-09-20T20:59:27+09:00,0.55,83,0.79
2026-09-20T21:03:19+09:00,0.55,83,0.78
2026-09-20T21:07:21+09:00,0.55,83,0.79
2026-09-20T21:10:23+09:00,0.55,83,0.82
2026-09-20T21:13:02+09:00,0.55,83,0.83
2026-09-20T21:15:25+09:00,0.55,83,0.81
2026-09-20T21:18:27+09:00,0.55,83,0.78
2026-09-20T21:21:28+09:00,0.55,83,0.73
2026-09-20T21:25:20+09:00,0.55,83,0.68
2026-09-20T21:29:22+09:00,0.55,83,0.63
2026-09-20T21:37:26+09:00,0.55,83,0.66
2026-09-20T21:41:28+09:00,0.55,83,0.68
2026-09-20T21:44:28+09:00,0.55,83,0.69
2026-09-20T21:47:30+09:00,0.55,83,0.71
2026-09-20T21:49:00+09:00,0.55,83,0.71
2026-09-20T21:51:23+09:00,0.55,83,0.69
2026-09-20T21:55:25+09:00,0.55,83,0.63
2026-09-20T21:59:27+09:00,0.55,83,0.55
2026-09-20T21:59:46+09:00,0.55,83,0.54
2026-09-20T22:03:19+09:00,0.55,83,0.48
2026-09-20T22:07:01+09:00,0.55,83,0.45
2026-09-20T22:10:01+09:00,0.55,83,0.41
2026-09-20T22:13:24+09:00,0.55,83,0.43
2026-09-20T22:15:03+09:00,0.55,83,0.46
2026-09-20T21:07:50+09:00,0.55,83,0.79
2026-09-20T21:10:51+09:00,0.55,83,0.83
2026-09-20T22:20:27+09:00,0.55,83,0.55
2026-09-20T22:23:28+09:00,0.55,83,0.59
2026-09-20T22:27:12+09:00,0.55,83,0.56
2026-09-20T22:31:23+09:00,0.55,83,0.49
2026-09-20T22:35:08+09:00,0.55,83,0.44
2026-09-20T22:37:04+09:00,0.55,83,0.41
2026-09-20T22:39:27+09:00,0.55,83,0.4
2026-09-20T22:42:27+09:00,0.55,83,0.39
2026-09-20T22:45:51+09:00,0.55,83,0.39
2026-09-20T22:49:08+09:00,0.55,83,0.45
2026-09-20T22:49:41+09:00,0.55,83,0.46
2026-09-20T22:57:29+09:00,0.55,83,0.69
2026-09-20T23:03:20+09:00,0.55,83,0.8
2026-09-20T23:07:07+09:00,0.55,83,0.91
2026-09-20T23:09:00+09:00,0.55,83,0.94
2026-09-20T23:11:23+09:00,0.55,83,0.99
2026-09-20T23:14:35+09:00,0.55,83,0.95
2026-09-20T23:17:35+09:00,0.55,83,0.9
2026-09-20T23:21:09+09:00,0.55,83,0.94
2026-09-20T23:24:30+09:00,0.55,83,1.08
2026-09-20T23:31:07+09:00,0.55,83,1.08
2026-09-20T23:34:35+09:00,0.55,83,1
2026-09-20T23:37:36+09:00,0.55,83,0.93
2026-09-20T23:40:37+09:00,0.55,83,0.84
2026-09-20T22:24:58+09:00,0.55,83,0.59
2026-09-20T22:28:00+09:00,0.55,83,0.55
2026-09-20T23:45:07+09:00,0.55,83,0.69
2026-09-20T23:49:07+09:00,0.55,83,0.57
2026-09-20T23:51:02+09:00,0.55,83,0.53
2026-09-20T22:40:56+09:00,0.55,83,0.39
2026-09-20T22:43:58+09:00,0.55,83,0.38
2026-09-20T22:46:59+09:00,0.55,83,0.41
2026-09-20T22:50:01+09:00,0.55,83,0.46
2026-09-20T23:56:26+09:00,0.55,83,0.55
2026-09-21T00:00:59+09:00,0.55,83,0.53
2026-09-21T00:04:03+09:00,0.55,83,0.46
2026-09-21T00:07:12+09:00,0.55,83,0.39
2026-09-21T00:10:17+09:00,0.55,83,0.34
2026-09-21T00:10:37+09:00,0.55,83,0.33
2026-09-20T22:58:55+09:00,0.55,83,0.72
2026-09-21T00:13:23+09:00,0.55,83,0.28
2026-09-21T00:16:30+09:00,0.55,83,0.25
2026-09-21T00:19:35+09:00,0.55,83,0.22
2026-09-21T00:22:41+09:00,0.55,83,0.2
2026-09-21T00:25:48+09:00,0.55,83,0.19
2026-09-21T00:28:44+09:00,0.55,83,0.18
2026-09-20T23:11:52+09:00,0.55,83,0.98
2026-09-20T23:14:53+09:00,0.55,83,0.93
2026-09-20T23:17:55+09:00,0.55,83,0.9
2026-09-21T00:28:53+09:00,0.55,83,0.18
2026-09-21T00:31:59+09:00,0.55,83,0.17
2026-09-21T00:34:45+09:00,0.55,83,0.17
2026-09-21T00:45:01+09:00,0.55,83,0.15
2026-09-20T23:42:22+09:00,0.55,83,0.78
2026-09-20T23:45:30+09:00,0.55,83,0.68
2026-09-21T01:05:11+09:00,0.55,83,0.22
2026-09-21T00:03:01+09:00,0.55,83,0.48
2026-09-21T00:06:09+09:00,0.55,83,0.41
2026-09-21T00:09:15+09:00,0.55,83,0.34
2026-09-21T00:12:21+09:00,0.55,83,0.29
2026-09-21T00:15:28+09:00,0.55,83,0.26
2026-09-21T00:18:34+09:00,0.55,83,0.23
2026-09-21T00:21:39+09:00,0.55,83,0.21
2026-09-21T00:24:46+09:00,0.55,83,0.19
2026-09-21T00:27:52+09:00,0.55,83,0.18
2026-09-21T00:30:58+09:00,0.55,83,0.18
2026-09-21T00:34:03+09:00,0.55,83,0.17
2026-09-21T01:15:17+09:00,0.55,83,0.77
2026-09-21T01:20:49+09:00,0.55,83,0.89
2026-09-21T01:24:21+09:00,0.55,83,0.88
2026-09-21T01:29:34+09:00,0.55,83,0.73
2026-09-21T01:29:43+09:00,0.55,83,0.73
2026-09-21T00:15:48+09:00,0.55,83,0.25
2026-09-21T00:18:54+09:00,0.55,83,0.22
2026-09-21T00:21:59+09:00,0.55,83,0.21
2026-09-21T00:25:06+09:00,0.55,83,0.19
2026-09-21T00:28:13+09:00,0.55,83,0.18
2026-09-21T00:31:20+09:00,0.55,83,0.18
2026-09-21T00:34:25+09:00,0.55,83,0.16
2026-09-21T01:33:16+09:00,0.55,83,0.65
2026-09-21T01:36:17+09:00,0.55,83,0.62
2026-09-21T01:39:18+09:00,0.55,83,0.58
2026-09-21T01:40:58+09:00,0.55,83,0.53
2026-09-21T00:26:59+09:00,0.55,83,0.19
2026-09-21T00:30:18+09:00,0.55,83,0.18
2026-09-21T00:33:23+09:00,0.55,83,0.16
2026-09-21T01:46:21+09:00,0.55,83,0.48
2026-09-21T01:52:24+09:00,0.55,83,0.39
2026-09-21T01:55:57+09:00,0.55,83,0.38
2026-09-21T01:56:46+09:00,0.55,83,0.38
2026-09-21T01:58:57+09:00,0.55,83,0.35
2026-09-21T02:01:59+09:00,0.55,83,0.38
2026-09-21T02:08:32+09:00,0.55,83,0.38
2026-09-21T02:11:03+09:00,0.55,83,0.38
2026-09-21T02:11:55+09:00,0.55,83,0.37
2026-09-21T02:17:08+09:00,0.55,83,0.35
2026-09-21T02:23:11+09:00,0.55,83,0.36
2026-09-21T02:26:11+09:00,0.55,83,0.36
2026-09-21T02:28:42+09:00,0.55,83,0.38
